Noneating,Eating
-0.004318925,0.068711998
-0.002244077,0.279793148
-0.002707569,-0.119235391
0.018574664,0.261370366
-0.017063249,0.205512944
0.008078275,0.192196241
0.002538096,0.218063681
0.004854291,0.03445779
0.002323138,0.173228468
-0.002916852,0.142546864
0.004981844,0.112696912
0.001495049,0.048689408
0.003242656,0.143529214
0.005090264,0.182135237
0.002346416,0.044049523
0.0031753,0.318413083
0.003711119,0.450880282
0.012391836,0.330779169
0.000738536,0.082381648
0.006221938,0.080099047
0.005618956,0.367426014
-0.002475232,0.152282465
0.002259517,0.285741849
0.001326608,0.212353626
-0.001895199,0.337220308
-0.001532127,0.499784178
0.009732738,0.159847699
-0.004447,0.358380885
0.002230761,0.326702248
0.005972898,0.386671282
0.004909563,0.272987346
0.001436013,0.289145182
0.001598628,0.405530364
0.007373136,0.146972917
0.00149636,0.094745419
0.001730611,0.182993743
-0.001775041,0.38919745
0.012614135,0.348759431
0.002551748,0.346389514
0.001231872,0.333050712
-0.00381496,0.643146838
0.003596405,0.623890379
0.005768083,0.320226405
-0.002843668,0.285907938
0.000759067,0.504133129
0.004500567,0.560769468
-0.006615525,0.216686809
-0.005913204,0.637596127
0.000943841,0.449713048
0.012498299,0.14679072
0.00668113,0.433052781
-0.004296472,0.323090592
-0.013990893,0.371160516
0.005068967,0.499930804
0.007461569,0.467196841
0.003853526,0.404714424
0.003475224,0.287400699
0.003576071,0.319764577
-0.011976504,0.500869041
-0.001539923,0.247590071
0.008039997,0.329852063
0.003854253,0.438469338
-0.00357985,0.344475547
-0.008335177,0.463775259
0.006468506,0.392175533
0.003919709,0.403774878
0.000151672,0.192408085
0.001170858,0.298362369
0.001778339,0.030688966
0.00047375,0.054239863
0.001062105,0.032382681
-0.008396949,0.081737589
0.004862054,0.340346966
0.002385299,0.294117405
0.000719757,0.104025216
0.002931895,0.144865576
0.002170147,0.167202016
-0.000587311,0.305965613
-0.000282087,0.14424254
0.000548103,-0.005459813
0.002504525,0.356708826
-0.002312566,0.38446486
0.001534793,0.16403526
-0.001185314,-0.060815923
0.002900948,0.38585635
-3.03E-05,0.301867519
0.001777588,0.324345076
0.002142974,0.110493014
0.000810758,-0.246961966
0.001208118,0.270474556
0.001834313,0.017056841
0.000815985,0.036741542
0.001341868,0.213349051
0.002428659,0.393882698
0.001099292,0.048388962
-0.000520947,-0.23794301
-0.000112824,0.160740739
0.002725227,0.516512964
0.001801664,-0.036275646
-8.03E-05,-0.008850174
0.003746558,0.17334991
0.002519097,0.317778649
0.00321893,0.146120943
0.001157252,-0.154862207
0.002074787,0.391951597
-0.001924605,0.040836531
-0.000125256,0.203482219
0.002470372,0.108125089
0.003203754,0.024809854
0.001658528,0.395283295
0.002713956,0.305419934
0.003164048,0.049438456
0.001809504,0.027220913
0.002943577,0.109268614
0.001826749,0.174385099
0.000446252,0.005767984
0.006826942,0.186765113
0.002601503,0.226628027
0.001022444,0.22373055
0.002092113,-0.021077285
-0.000963759,-0.163443306
0.002299565,0.254160124
0.001066242,0.346864181
0.002240856,0.323282001
0.00306164,0.26319869
0.003291351,0.358106096
0.000104059,0.330011335
0.001880614,0.124583486
0.001548756,0.19520272
0.006497036,0.33650756
0.000106217,0.45844399
0.000906419,0.014932185
-0.003757626,-0.081158024
0.0043234,0.240756814
0.001691734,0.528814898
0.001415626,0.158282426
0.006990049,0.113741675
-0.002652723,0.280531892
-0.001770008,0.445741437
-0.004392875,-0.377970154
0.002136912,-0.296599883
0.012962633,0.441962004
0.003426515,0.514135999
4.84E-05,0.242429443
0.003636229,-0.077218913
-0.005055613,0.531635197
0.000952716,0.403039901
0.001647389,0.328754418
0.002610451,0.266044981
0.001363141,-0.066543693
0.001534082,-0.000460723
0.009670952,0.001975082
0.00126479,0.001875338
0.001259135,0.000740532
-0.00669595,0.000291999
0.001731081,0.000232808
-0.008889293,0.000268897
0.000188353,0.000146761
0.00463058,0.000168032
-0.000253109,7.04E-05
-0.003668322,0.000153636
-0.013437022,0.000195328
-0.018245998,0.000244277
-0.005568211,0.000234068
0.002915222,0.000240059
-0.003096782,0.000206
-0.002031573,0.000203884
0.003352476,0.00023959
0.010156323,0.000225031
-0.007007106,0.000200207
-0.030427453,0.000146745
-0.016322965,0.000192343
-0.006239886,0.00019341
-0.009259896,0.000157465
-0.032638675,0.000105624
-0.004091644,0.000106993
0.005882089,0.000106244
-0.000587376,0.000126907
-0.011477944,0.000123888
-0.012797655,0.000140868
-0.025794663,0.000111729
-0.023594654,8.74E-05
-0.002206264,8.11E-05
-0.003024983,9.30E-05
-0.02032906,7.09E-05
0.011644902,7.23E-05
-0.007506834,6.56E-05
-0.022551707,8.36E-05
-0.007510319,8.41E-05
-0.000190539,-0.013494894
-0.00987171,-0.006119807
-0.003670702,-0.005836292
-0.01190102,-0.000927129
-0.012174914,-0.00024064
0.002753329,0.000742721
-0.014425637,0.000134572
-0.001091684,0.000329602
-0.00752493,0.000160024
-0.034893925,0.000329578
-0.014636013,0.000541873
-0.001171423,0.000563205
-0.015626359,0.000491844
-0.022490983,0.000534403
0.001847883,0.0006052
-0.008397562,0.000755987
-0.036875947,0.00080134
-0.038694521,0.000760064
-0.008814191,0.000697491
-0.020491262,0.000707629
-0.01840333,0.000629689
-0.041872962,0.000605144
-0.003309871,0.000575076
-0.001672942,0.000506688
-0.000315875,0.000534451
-5.96E-06,0.000511423
-0.003415105,0.000471228
-0.026128623,0.00043371
-0.019256248,0.000369366
0.002388669,0.000321057
-0.013875713,0.000335971
-0.020808509,0.000326234
0.000824811,0.000305263
-0.02638253,0.000262464
-0.025099647,0.000263219
-0.051069732,0.000248147
-0.023418314,0.00022959
-0.072602565,0.000218954
-0.050863576,0.000258
-0.030793125,0.000249236
-0.022619125,-0.315424586
-0.066946527,0.214778478
-0.030938074,0.062603098
-0.007131397,0.161619083
-0.034836184,0.018461384
-0.012209995,-0.187829675
-0.009114264,-0.139050363
-0.016765079,-0.602515041
-0.042984106,0.173111636
-0.064498963,0.057677901
-0.095272699,-0.827634541
-0.039297795,-0.17986222
0.017648554,0.083093087
-0.056310798,-0.104217752
-0.125092662,-0.493830917
-0.009424652,0.062931645
-0.033218681,0.50144435
-0.082925959,-0.007064249
-0.035882993,0.232526373
-0.010335009,-0.23694507
-0.004912317,-0.246166316
-0.146733767,0.12749457
-0.090498849,0.015530371
-0.025594823,-0.178570387
-0.072705145,-0.043015229
-0.040794535,0.101113756
-0.033077575,0.086705137
-0.164042274,-0.163193971
-0.032932587,0.038380883
-0.027306849,0.635549188
-0.006389051,-0.009721538
-0.195553806,0.074381607
0.002121974,-0.516240158
-0.236411796,0.047683451
-0.014584227,0.150029236
-0.211357073,0.128504983
-0.038096972,0.051671814
-0.059801754,-0.083425595
-0.204336216,-0.028343688
-0.149830506,-0.108143314
-0.007886883,-0.388481061
-0.129280069,0.19491677
-0.174046676,0.6474871
-0.090901424,-0.070031031
-0.032269243,0.40995618
-0.141169049,0.25339133
-0.156622816,0.227666799
-0.112577301,-0.024920795
-0.269184031,-0.166889137
0.093016914,0.416777552
0.074231302,0.328891581
0.052827988,0.424464178
0.119768144,0.226593912
0.147884701,0.396782181
0.119317277,-0.163012691
0.098647711,0.677475023
0.157324238,0.123772232
0.083520948,-0.11229222
0.132115272,-0.206021127
0.047646587,0.318239623
0.032081576,-0.177231862
0.076437459,0.138899848
0.063528689,0.397733135
0.078967522,0.281934003
0.026327685,0.247023985
0.033765747,0.229944398
0.182449053,0.019998776
0.039223843,0.082073766
0.041928795,0.145069103
0.094339632,0.131574472
0.015308971,0.66918582
0.037071158,0.097401147
0.082241606,0.26611084
0.053302607,0.078051442
0.06026187,0.062394289
0.040969731,0.185928475
0.142583508,0.033821337
0.064599686,0.250640837
0.091604198,0.498253184
0.142804166,0.725796327
0.045015802,0.47437333
0.059214494,0.389351758
0.129014203,0.166345862
0.207330169,0.367374716
0.140518923,0.447131909
0.077904951,0.303505515
0.231226567,0.167731894
0.149627803,0.316037404
0.087670408,0.208481012
0.095757557,0.361665395
0.139188225,0.75467701
0.347740482,0.808169443
0.076242293,0.96964738
0.070565997,0.249885474
0.115312633,0.618211493
0.066205662,0.028494264
0.037811478,0.213899793
0.066767089,0.095785947
0.111624219,-0.033137211
0.005551562,0.390765132
0.135271957,0.064030603
0.12453254,0.779079295
0.20399082,0.011534278
0.088119771,0.041039673
0.042481843,0.582446243
0.025575276,0.213946114
0.025885544,0.044967937
0.020252379,-0.028375166
0.13226185,0.335449596
0.045385402,0.163081393
0.044876016,0.13341213
0.051312691,0.150611898
0.058749514,0.253679895
-0.001537433,0.228663686
0.225175453,0.162041506
0.036995383,0.203455506
0.118057716,0.510132938
0.022900901,0.008877016
0.066490869,0.178463883
0.070531285,-0.177705022
0.048617569,0.527589973
0.017498309,0.075168927
0.046822265,0.227889806
-0.00173403,0.138635028
0.316789786,0.211955385
0.234139941,1.037125067
0.242158432,0.095749347
-0.00138108,0.48165178
0.00158841,0.413827287
0.002227066,0.561539392
0.00101536,0.170180643
0.001105885,0.153795907
0.003612688,0.061528296
0.00057916,0.006617796
0.000698918,0.542178843
0.002085074,0.098116188
5.72E-05,-0.03254729
0.000715712,-0.039673075
0.001781489,-0.172887179
0.000636518,0.206749408
0.000943721,-0.002947579
0.004419274,-0.09961205
-0.000470964,-0.032857643
-0.005735599,0.018809412
0.003084002,-0.163069052
0.004382046,-0.453606017
0.000441396,-0.063621068
0.00013069,0.040984295
-0.004895448,-0.144695817
0.000720811,-0.030392805
0.000587262,-0.381037873
-0.007165423,0.207487343
0.001971076,-0.066394289
0.002361488,-0.069812107
0.002178588,-0.203627638
-0.00068708,-0.104375544
0.002358821,-0.101443084
0.003707959,-0.289658627
0.003630673,-0.096909924
-0.003347348,-0.35239604
-0.011264063,0.024391157
0.000265609,-0.139142728
0.003167154,-0.008656452
0.001689251,-0.086508007
0.002748895,-0.054048153
0.000674476,-0.406959468
0.001941308,-0.076470725
0.000204305,0.075588287
0.000816298,-0.199756312
0.000173625,-0.150591298
0.000870872,-0.399335224
0.001462426,-0.221971825
-0.006032276,-0.131172028
0.00081927,-0.473399332
0.003066335,0.003082376
0.002499065,0.119349701
0.001737879,-0.181769236
0.00343792,-0.13415201
-0.004975819,-0.407332189
0.002471626,0.142246806
0.002095662,-0.219405159
0.001561036,-0.14786836
-0.001578932,-0.37179811
0.000685898,-0.231483707
0.002536204,-0.073153719
-0.00010626,-0.808366991
-0.004362291,-0.292275235
-0.003640242,0.01273183
0.001824697,-0.262929826
-0.00278952,-0.647147194
-0.009190069,-0.194316115
-0.004979494,-0.301239161
0.003700127,-0.006865954
-0.009874847,-0.071984721
-0.002484231,-0.208061892
0.007637263,-0.138695312
-0.002762714,-0.285024517
0.002635642,-0.04653782
0.004235048,-0.24135947
-0.006926131,-0.351502525
0.000656736,-0.023833014
-0.00068238,-0.086884997
-0.000350315,-0.23643989
-0.002811806,-0.005627645
0.005032085,-0.056278539
0.002360469,-0.054019472
-0.016630995,-0.163149278
0.009149303,-0.294532299
0.00353134,-0.230481939
0.010996392,-0.62042098
0.000603729,0.018395377
0.001681371,-0.291350394
0.015647949,-0.448904372
-0.002659409,-0.115758153
-0.002144547,-0.436010194
0.004980886,-0.275119744
0.007247391,-0.0071008
0.00311913,-0.001190854
-0.007446158,0.005521263
0.000571061,-0.401896747
0.004291507,-0.007458464
-0.027157134,0.003277214
0.006034462,0.172314937
0.004029358,-0.009694157
0.002501519,-0.017644624
0.002168186,-0.026009313
0.006825961,-0.027417877
0.002494126,-0.06346125
0.002476402,-0.020016072
0.004907531,-0.067699554
0.006190012,0.113308549
0.002030981,-0.123250369
-0.007850092,-0.122998194
0.002868382,-0.083978242
-0.003032655,-0.076006208
0.00504395,0.013723244
0.000760209,0.00654195
0.011768389,-0.015471375
-0.004659341,0.018689809
-0.0050289,-0.031642483
0.005086819,-0.143751549
-0.010760124,-0.03359943
-0.005620963,-0.00891396
-0.006484746,0.00029566
-0.028057704,-0.090228034
-0.007987656,-0.236118299
0.004219087,0.064438885
-0.035032919,-0.12729648
0.002420765,-0.065158603
0.001132731,0.01922313
-0.002008223,0.167834623
-0.019897556,-0.130985084
0.024128313,-0.179281915
0.007644572,-0.020214967
0.000615219,0.008972125
-0.004320705,-0.012548351
0.007057378,0.043400084
-0.009645585,-0.032852636
-0.010049376,0.054134765
0.000406398,-0.038930303
-0.017039694,-0.082640276
-0.056275352,0.010012325
-0.001861205,0.099343944
-0.006086503,-0.027496783
0.009451743,0.001899194
-0.007651476,0.042600739
-0.011239158,-0.008501607
-0.044863878,0.001046608
-0.002148143,-0.146136593
-0.002472198,-0.014630007
-0.00950868,-0.002905395
0.004384946,0.02771176
-0.001919164,-0.016851201
-0.06171831,0.019174775
-0.007738317,0.05506013
-0.003197202,0.05081049
-0.03549125,-0.008528769
-0.013463792,0.084008557
0.00067663,-0.014673944
-0.025521238,0.082087524
-0.020283527,-0.010865281
0.000890668,0.015442928
-0.11586213,0.151325619
-0.057445539,0.002793901
-0.003953373,-0.006695777
0.02449812,0.072355861
0.009016924,0.143956543
-0.011108709,0.051205273
-0.01980876,-0.010548204
-0.004120516,0.249567033
-0.023554525,0.051690313
-0.011292132,0.050958516
0.008430833,0.027442048
-0.014509739,0.158199886
0.002924024,0.039247934
-0.05929963,0.010677032
-0.003363994,0.349740664
0.001107063,0.320569557
0.014325985,0.031518793
-0.021619106,0.093082619
-0.036334988,0.07912516
-0.013497861,0.047821123
-0.018733489,0.270464473
-0.032702723,0.007775005
-0.042721137,0.016919567
-0.011187786,0.324028254
0.025322912,0.742273394
-0.016531757,0.015682636
-0.024656714,0.240711579
0.004751542,0.056773149
-0.000192876,0.017758965
-0.032339739,0.002408069
-0.014633112,0.279262164
0.001564459,0.26474605
-0.023592676,0.006791551
-0.023043458,0.767541472
-0.048385533,0.024540177
-0.038728394,0.007211202
-0.008443377,0.352036736
-0.112228508,0.353613232
-0.102055573,-0.056270412
-0.020191828,0.065890203
-0.129569286,0.712875053
-0.259202443,0.311944876
0.001310174,0.271516069
-0.228899986,0.219880208
-0.162911232,0.04155889
-0.02832383,0.366486917
-0.015719613,-0.001266457
-0.012813934,0.067307121
-0.023637642,0.03698191
-0.002384834,0.093192391
-0.006266759,0.574624984
-0.014811574,1.738276688
-0.010639362,0.000362203
-0.001143823,0.265041918
-0.005594432,0.054632572
-0.028192206,0.010919348
0.003951644,0.04070413
-0.002591452,0.02421711
0.010469094,0.007399628
0.008699407,0.003222417
-0.017586198,0.021128129
-0.00508082,0.053596196
-0.042884578,0.010236621
-0.032581638,0.018025731
-0.020225126,0.080739664
-0.0216607,0.186419071
0.002135335,0.121125835
-0.025379963,0.01316985
-0.008588517,0.070359448
-0.015015483,0.210536369
-0.005002182,0.031358548
0.016180262,0.040289539
-0.014593191,0.081863303
-0.081987905,0.017754965
0.012091395,0.004822085
0.004844516,0.267540909
-0.009811706,0.004891017
-0.01758879,0.154091677
-0.025987048,0.019961533
-0.007282441,0.04017878
-0.057080925,0.182527991
-0.020324206,0.009133488
-0.012271003,0.014638171
-0.055094615,0.009254774
-0.020283782,0.036519955
0.000504016,0.198843979
-0.000363117,0.015584882
-0.003554631,0.030446862
-0.007037874,0.534287938
0.008042631,0.523178936
-0.018813969,0.008612155
-0.029963197,0.05528555
-0.016189083,0.589443772
-0.001864404,0.026715544
-0.010437261,-8.70E-05
-0.007340482,0.202209017
-0.046290331,0.268936911
-0.010489412,0.008235535
-0.013482459,0.402734923
-0.006595447,0.598475734
-0.018321073,0.391219177
0.004696425,0.261558099
0.002065279,0.259272443
-0.038569728,0.539874816
-0.00443656,0.272209241
-0.003965691,0.25276962
-0.004086655,0.177565888
-0.000160993,0.98757634
-0.008284629,0.499849951
-0.003101674,0.482764706
-0.018943602,0.081369314
-0.026518631,0.233482975
-0.051014194,0.450928609
-6.80E-05,0.134740745
-0.023026732,0.125706295
-0.002824524,0.333990884
-0.00570474,0.174581536
-0.026403822,0.095619226
-0.025923687,-0.006809822
-0.034065553,0.422330123
-0.206906094,0.049817064
-0.027519381,0.034531793
-0.072406609,0.109949276
-0.009384401,0.070185269
-0.083870596,0.456626559
-0.001351963,0.382515069
-0.081694841,0.061628346
-0.119009121,0.34893252
0.015434079,0.23435487
0.003456378,0.423269189
-0.200747053,0.142439996
-0.084056058,0.247855487
-0.136949708,0.045061513
-0.030208524,0.054156927
-0.159004643,0.565283516
-0.132189095,0.327653378
-0.086643218,0.226936034
-0.057455675,0.656211999
-0.06857316,0.54240402
-0.018804387,0.72344848
-0.057238161,1.015119328
-0.00838195,0.716198691
-0.040402931,0.90721047
-0.045998112,0.11149713
-0.035422448,0.901418697
0.014881201,0.177982449
-0.014900192,0.532314969
0.040013953,0.370004288
0.039514284,0.529892063
-0.025428605,0.828916866
-0.020786844,0.837559611
-0.123791433,0.878170102
-0.006653935,0.373816569
0.066871401,0.385085284
-0.129571491,0.56792683
-0.222398043,0.104840067
-0.142635276,0.269640558
-0.00624985,0.244823129
-0.024279594,0.527979109
-0.00193811,0.451581398
-0.018369978,0.964518339
-0.025906411,0.615565489
-0.046026716,0.249496796
0.001160812,0.303243971
-0.010824203,0.567821335
-0.048940387,0.383169567
-0.017250217,0.249699681
-0.03441237,0.218003887
-0.04092879,0.154040886
-0.196394337,0.545936637
-0.044748521,0.830561733
-0.022117951,0.142556301
-0.053620917,0.24221297
-0.162003523,0.665598675
-0.581089991,0.461525308
-0.033493514,0.221345519
-0.052817975,0.678472507
-0.007730557,0.555320932
-0.004359879,0.258580383
-0.022121813,0.321490526
-0.031703768,0.464864506
-0.046758397,0.636754871
-0.049522506,0.512072141
-0.092145621,0.54199696
-0.04213788,0.389622053
-0.025269735,0.713136672
-0.177784322,0.093485954
-0.011917992,0.148140142
-0.048510017,0.562656383
0.004210632,0.569014613
-0.065929382,0.814356273
-0.003793495,0.530583777
0.01566566,0.775043947
-0.033673563,0.286996643
-0.009990958,0.722286925
-0.01792519,0.785692792
-0.002327287,0.030702467
-0.023731085,0.28777217
-0.015106861,0.58474731
0.007561607,0.395907312
-0.001372453,0.624973174
-0.034393699,0.553002632
-0.02859359,0.155490439
-0.017676839,0.072907528
0.000973242,0.635351176
-0.046328223,0.93979319
-0.010423893,0.356161035
-0.019592911,0.674433623
-0.009649379,0.246044183
-0.003425266,0.517977316
-0.004626052,0.352832794
-0.020845765,0.249434183
-0.005756125,0.902103639
-0.006290341,0.711211593
-0.001546494,0.501374281
-0.02637441,0.540756988
0.005506026,0.715401809
0.000509607,0.253860192
-0.011504374,0.331642429
-0.040407561,0.652375983
-0.012843031,0.26731289
-0.035181932,0.548542162
-0.07256578,0.311007092
0.002018169,0.329636203
-0.011126042,0.478929011
-0.005715721,0.329321483
-0.016706243,0.076493926
-0.036228104,0.648257733
0.002353991,0.386036162
-0.002377448,0.49226376
-0.042546686,0.7303793
-0.025850976,0.500148744
-0.012094204,0.319326358
-0.043680467,0.084630266
-0.042584868,0.411659296
-0.021665751,0.277797823
-0.014695682,0.467033143
0.003298263,0.387425335
-0.009223407,0.235819682
-0.036237007,0.464397595
-0.078479533,0.510742715
-0.074265728,0.000864649
-0.01355141,0.487415783
-0.024180277,0.222961684
-0.00622339,0.106716531
0.003414253,0.229269598
-0.120829902,0.16539797
-0.057516142,0.17138535
-0.030743756,0.28757193
-0.010401334,0.214649538
-0.011878849,0.179083095
-0.11307281,0.527492264
-0.026500967,0.319090094
-0.043486331,0.523072954
-0.010380903,0.260982066
-0.008898856,0.170780252
-0.01326156,0.10405398
-0.113430879,0.13253044
-0.036724647,0.033755353
-0.010117147,0.106316768
-0.019486405,0.04083066
-0.039966813,0.060301172
-0.034638185,0.201076644
-0.004383642,0.075544024
-0.000585365,0.970729638
-0.003212349,0.062044811
-0.063797828,0.032458842
-0.011863444,0.045545344
-0.007558476,0.09988536
-0.040400595,0.109776475
-0.099007429,0.037022311
0.001296163,0.004457284
-0.186015816,0.050386034
-0.034049419,0.012487579
-0.159245052,0.216144059
-0.070650797,0.127209691
-0.072859063,0.199206387
-0.06565834,0.237857423
-0.080504624,0.230448305
-0.058420362,-0.055366532
-0.042817153,0.317453682
-0.035713655,0.048090371
-0.059855502,0.125668989
-0.031830305,0.348881325
-0.071420869,0.03095201
-0.065833971,0.483525351
-0.036392115,0.079133709
-0.041878737,0.177496673
-0.042713752,0.165855787
-0.008452662,0.207569849
-0.06711834,0.014538359
-0.113472784,0.005789748
-0.084348892,0.0027013
-0.022880128,-0.02592829
-0.020995802,0.418490427
-0.024514689,0.227484663
-0.029384612,0.168143922
-0.015996328,0.574578052
-0.03390353,0.056521388
-0.057279014,0.516648652
-0.104357926,0.051785029
-0.089917614,0.161597756
-0.02707519,0.214626232
-0.091790645,0.393435614
-0.133570221,0.374659618
-0.040890929,0.428676746
-0.039330616,0.301832977
-0.048477806,-9.08E-05
-0.085395096,0.702565902
-0.086290004,0.402792547
-0.092341764,0.093345146
-0.095301257,0.265602542
-0.065580783,0.251576616
-0.085577271,0.606872453
-0.042741953,0.054358143
-0.065039969,0.622213291
-0.019501565,0.334579511
-0.084333287,0.233119041
-0.037183345,0.735787996
-0.125709749,0.528316799
-0.095284856,0.029464259
-0.063023167,0.020135642
-0.110791888,0.4835819
-0.146618153,0.24365388
-0.043118837,0.362366452
-0.022435039,0.325698143
-0.070324312,0.168195932
-0.057578977,0.663738963
-0.039230846,0.507293461
-0.040872836,0.048287827
-0.029591904,0.489451557
-0.054149205,0.395819966
-0.037865066,0.080041355
-0.034050975,0.071624328
-0.066710809,0.251223965
-0.096556079,0.025044185
-0.024909739,0.085496964
-0.011051585,0.005974312
-0.092600946,0.004120795
-0.042756284,0.027919501
-0.050291915,0.01030601
-0.063061391,0.004767844
-0.064298631,0.213761421
-0.062987437,0.028506948
-0.031664148,0.008265355
-0.038944035,0.112655009
-0.06715292,0.267980216
-0.10271097,0.050705466
-0.022457901,0.089235722
-0.030911965,0.059366653
-0.080728913,0.311729181
-0.057369619,0.022564291
-0.001548377,0.018499425
-0.013478643,0.024650676
-0.009416411,0.039169253
-0.010660441,0.371948983
-0.002126205,0.396790339
-0.014435974,0.017888222
-0.000691412,-0.00468861
0.006881365,0.020848845
-0.01006504,0.055649909
-0.003737719,0.089674151
-0.002697675,0.008651974
0.008792617,0.679032469
-0.003186155,0.133270112
-0.021092903,0.03453856
-0.01235456,0.391812256
0.0059412,0.403729027
-0.006984161,0.776782065
0.006166222,0.011485792
0.000345054,0.163815308
0.000292461,0.107691925
-0.023829132,0.106542611
-0.014453066,0.050477404
-0.000939285,-0.516154795
-0.018765535,0.574770129
-0.029838142,0.814919656
-0.003145306,0.431024304
-0.008554281,0.400420644
-0.011908308,0.053919837
0.002625462,0.330223029
-0.010490136,0.541981121
0.002152636,0.5371111
-0.007612195,0.186191154
-0.025555869,0.652276858
-0.021594825,1.010825067
-0.00340978,0.457601682
0.008993196,0.217244124
-0.025420666,0.919799307
-0.030200885,0.790817335
-0.000435321,-0.13508184
-0.031883675,0.448445371
-0.039097723,1.028725196
0.003434405,0.321766745
-0.005785099,0.19432804
-0.024289429,0.268954581
-0.011864745,0.68817472
-0.006287501,0.579690567
0.01353379,0.109822169
-0.018279071,0.153154475
-0.005524731,0.765511384
0.00398785,0.784317757
0.000878348,0.391140326
-0.001577508,-0.003388314
-0.016839904,0.561417563
0.004258359,0.641536942
-0.006443319,-0.015339339
2.41E-05,0.315414663
-0.005280178,0.825172362
0.002500876,0.631896999
0.007111067,-0.191416471
-0.014071103,0.366257455
-0.013390355,0.610459528
0.003703127,0.886021245
0.004854839,0.001006643
0.00214052,0.11116679
-0.002049754,0.34511886
0.008035043,0.219206296
-0.006716301,-0.041260846
-0.010883685,0.007399077
-0.012139216,0.633651428
0.005998001,0.442345152
0.012637285,0.198691793
0.006923284,0.154265892
-0.00962019,0.318620178
0.009405562,0.381717933
0.008427103,0.148451693
0.005603761,0.340012896
0.002150805,0.530668587
0.008010632,0.555615496
-0.026232119,0.097837414
-0.158610229,0.260745393
-0.140815596,0.819795501
-0.046353634,0.353958119
-0.097470809,0.247911042
-0.043652283,0.25163947
-0.013375379,0.048270246
-0.108550281,0.479126746
-0.070821972,0.310294909
-0.281390392,0.253730477
-0.064744901,0.395196587
-0.050103879,0.421028788
-0.162510305,0.139424461
-0.01530293,0.280869042
0.003547781,0.616673207
-0.014952251,0.341149184
-0.427490952,0.333291789
-0.193503498,0.3934251
-0.107756254,0.330366693
-0.039816175,0.453993009
-0.079378535,-0.379143616
-0.16612777,0.227896347
-0.04056826,0.616708406
-0.347917883,0.260209414
-0.001132174,0.136944601
-0.045240261,0.403211791
-0.212726235,0.383725915
-0.041875771,0.010949786
-0.357852738,-0.00834125
-0.131562802,0.058771798
-0.02015069,0.238962579
-0.157058344,0.063253745
-0.152272504,0.084268117
-0.042056635,0.075186448
-0.324053276,0.179911801
-0.029394099,0.059648714
-0.157276432,-0.035736927
-0.150210062,0.190045442
-0.068770442,0.132359926
-0.012815099,0.067173348
0.023006299,0.055823575
-0.001907175,-0.082640342
-0.010923138,0.146657317
-0.025830994,0.07670954
-0.007583785,0.007247284
-0.021363309,0.017495337
-0.057101823,0.15377432
-0.149094657,-0.000724679
-0.12786025,0.180853799
-0.169604472,0.179051867
-0.140740942,0.374895655
-0.214423123,0.065104284
-0.052605755,0.050433254
-0.223470346,0.049002654
-0.232890115,0.197646361
-0.011441575,0.135485971
-0.025406194,0.177008782
-0.015086202,0.228460267
-0.040382179,0.189716242
-0.020140733,0.128903972
-0.010940372,0.119216884
-0.057971103,0.245327549
-0.02158728,0.481708247
-0.052617469,0.112467074
-0.021734759,0.358927347
-0.041882122,0.299474337
-0.050185337,0.459305625
-0.028481371,0.094719578
-0.094441766,0.155707081
-0.001084546,0.084478919
-0.005183676,0.207658161
-0.02028141,0.098554629
-0.052368299,0.023224123
-0.024025791,0.213447546
-0.038500295,0.331180936
-0.003564018,0.123631239
-0.107583045,-0.030183746
-0.045205185,0.094552804
0.006447351,0.108843399
0.001254543,0.026466749
0.002304242,0.219825737
0.003149865,0.083859932
0.002326328,0.267621055
0.002474798,0.013516896
0.001699256,0.154990918
0.003264894,0.152570704
0.004092632,0.263233215
0.004009383,0.154686257
0.005629401,0.075905454
0.002263186,0.341688791
0.004509434,0.158079229
0.004152715,0.098188214
0.002169649,0.103324795
0.003891051,0.338857755
0.002877499,0.205731931
0.007182843,0.14343825
0.00267918,0.162354883
0.003242015,0.381451617
0.003727886,0.441005246
0.003535153,0.082643754
0.006395742,0.100642325
0.004281633,0.400174849
-0.016152353,0.352092523
0.008115857,0.164735842
0.024026774,-0.103673851
0.032472837,1.169012559
0.008388954,0.03677756
0.022908388,0.114257905
0.011239821,-5.18E-05
0.006750598,0.166358504
0.014700945,0.186114972
0.004258479,0.008197609
0.013437773,0.017151292
0.013788518,0.039378663
0.010141447,0.12154006
0.008425136,0.047440687
0.016942187,0.015891123
0.006786597,0.043994528
0.003637453,0.179915747
0.006818122,0.33915104
0.015852685,0.326798652
0.010398558,0.127179087
0.005359893,0.290100871
0.005537531,0.288810455
0.007663937,0.150955527
0.008072789,0.068202975
0.014789355,0.032753592
0.010642536,0.05204798
0.016186674,0.148977022
0.008742902,0.31501932
0.005967095,0.209731424
0.006629032,0.122619333
0.008764922,0.295254998
0.00753416,0.105726397
0.001949731,0.869856569
0.009283465,0.686567825
0.017258026,0.336844752
0.009098943,0.518902237
0.006391182,0.932639045
0.00340238,0.257573774
-0.004324745,0.050589822
-0.002755975,0.455004353
-0.008665837,0.189089723
-0.031068959,0.538835317
-0.002375521,0.070330976
-0.013184546,0.148782311
-0.01192904,0.639717553
-0.004843682,0.269849895
0.003547464,0.189410777
-0.002134232,0.053497377
-0.001808256,1.454455842
-0.002027342,0.199336816
-0.002270842,0.100449679
-0.010127247,0.121820115
-0.008728833,0.00869884
-0.006933492,0.061708722
-0.000136648,0.009448265
0.008652541,0.018346806
-0.027919548,0.084472644
0.002854799,0.120014964
-0.010709699,0.010194808
-0.003398233,0.858739347
-0.011011077,0.123324122
0.00474587,0.170241276
-0.016829754,0.00434688
-0.005595643,0.039190677
-0.002590328,0.285535697
-0.004932133,0.012014201
-0.022691525,0.137553462
-0.007468801,0.03185853
-0.023040067,0.240589903
0.007731925,0.192586494
-0.004903489,0.140809775
0.000292028,0.307954046
-0.002119154,0.159804523
-0.00943463,0.11679888
-0.022400615,0.343820343
-0.001020969,0.044741755
-0.006903819,0.133930758
-0.001186086,0.041191543
-0.003605679,0.251002373
0.004296925,0.058802121
0.00359516,0.081116108
0.003423018,0.038833953
-0.002797414,0.109250413
-0.014062733,0.154052726
0.005394574,0.124027868
0.002931238,-0.017302775
0.003036545,0.003229872
-0.01574321,0.179430043
0.009740392,-0.027648096
-0.009085337,-0.143341438
-0.006373645,0.00803596
-0.055194176,-0.080926091
-0.028880265,-0.15507361
0.000522673,-0.331802079
0.005358952,-0.141489942
0.005211628,0.137377055
0.010910472,-0.032635005
0.003124552,-0.252668761
-0.016376716,-0.188124816
-0.008978841,-0.117415402
0.004656985,0.072229041
-0.005690857,-0.247575647
-0.015366244,-0.05026993
-0.00401372,0.042315935
-0.004792016,0.161678183
-0.015199207,-0.293494715
-0.01042755,-0.233804002
0.006721059,-0.197607958
-0.004482828,0.104374717
0.005406552,-0.038355644
-0.013401558,-0.363321918
-0.00575959,-0.606899825
-0.011099658,-0.161036276
-0.020415348,-0.142360669
-0.005223823,-0.596518562
-0.007580956,-0.90431645
-0.020535513,-0.423041475
-0.031094692,-0.249840306
-0.024525882,-1.137849774
-0.042825699,-0.702890332
-0.044784038,-0.402449825
-0.049463667,-0.377827076
-0.03414364,-0.457328865
-0.025210531,-0.227913242
-0.037948321,-0.5849913
-0.038473481,-0.185486671
-0.030148155,-0.330601031
-0.033259879,-0.508772305
-0.012996821,-0.614165932
-0.030651726,-0.353081695
-0.0058689,-0.117270717
-0.026757287,-0.312178378
-0.01533411,-0.351756283
-0.069651125,-0.283993204
-0.024265416,-0.513176072
-0.02260475,-0.676310004
-0.019957488,-0.868249351
-0.067791184,-0.178183838
-0.033030142,-0.243492218
-0.001622469,-0.043463205
-0.01447663,-0.026119056
-0.045592421,-0.011098491
-0.030425445,-0.63516177
-0.005106646,0.16261544
-0.012640098,0.282723694
-0.036844646,0.050233188
-0.02222054,-0.010395094
-0.010481609,0.794215345
-0.007239605,0.19339016
-0.031135963,0.811089411
-0.025968991,0.30506431
-0.005889541,0.315959614
-0.016678636,0.16158545
-0.043390113,0.627595827
-0.034456159,0.541677798
-0.01309193,0.707070555
-0.147232896,0.983726118
-0.014826548,0.850401764
-0.064820813,0.045395976
-0.01596574,0.239680769
-0.037171716,0.414884268
-0.060059875,0.054147388
-0.029716592,0.664236076
-0.017538059,0.598388636
-0.083128217,0.381860866
-0.060435411,0.044816547
-0.044880962,0.19040858
-0.016878552,0.224248622
-0.117198512,0.240736475
-0.043597375,1.084778151
-0.038492364,0.429282314
-0.047599998,0.220877856
-0.095642525,0.352774399
-0.062685326,0.693062873
-0.074064888,0.857085638
-0.047165768,0.325271641
-0.090839033,0.273363587
-0.008795264,0.615120101
-0.049644652,0.346552945
-0.033025855,0.468927511
-0.086215417,0.35397751
-0.022349377,0.993744538
-0.036812104,0.802773016
-0.015414719,0.015189468
-0.10385767,0.286407025
-0.03676354,0.874439387
-0.038506737,0.474366074
0.006239563,-0.451558748
-0.071298036,0.224881256
-0.014333012,-0.146382255
-0.038964771,-0.518761538
0.05112457,-0.220259259
-0.043476477,0.283604793
-0.029397232,0.158935637
-0.022057987,-0.15227478
-0.136586177,-0.072154759
-0.070005994,-0.225034019
-0.050088734,-0.224477882
-0.046073881,-0.478852265
-0.122317332,0.382614054
-0.036985287,0.153849548
-0.001386394,0.078678293
-0.025777251,0.253727546
-0.068396049,-0.443162286
-0.039247066,0.19283533
-0.031091745,-0.020398699
-0.034225806,-0.241163679
-0.08236566,-0.090953684
-0.047496863,0.33714441
-0.012831754,-0.140354743
-0.035034562,-0.143187475
-0.051106706,-0.089890678
-0.019074828,0.099882023
-0.03172741,-0.10999631
-0.059258848,0.080652711
-0.037957213,0.026869912
-0.063724818,0.075413715
-0.092301938,0.059519386
-0.05057005,-0.016532221
-0.039056358,-0.097467235
-0.010501684,0.282387289
-0.069863084,0.431127535
-0.083981425,-0.229925463
-0.032138071,-0.130268627
-0.027406895,0.662956887
-0.024905501,-0.086241689
-0.061100405,-0.093015509
-0.088149399,0.262047785
-0.046488464,0.416200027
-0.035555767,0.49811361
-0.091647586,0.285459981
-0.009725067,0.094768514
-0.063992519,0.264403247
-0.034871157,0.781919919
-0.165687625,0.576231453
-0.059561336,0.203917298
-0.065888357,0.494338814
-0.036168642,0.593068051
-0.055469962,0.223103411
-0.00182525,-0.055416201
-0.041505257,0.388839287
-0.012602392,0.884779565
-0.080691419,0.399241041
-0.015454902,0.186034084
-0.058475423,0.475267453
-0.053295737,0.403669644
-0.043039743,0.273656438
-0.037600892,0.002363428
-0.040391838,0.504852919
-0.051147688,0.475236609
-0.055973744,0.331916069
-0.030949545,0.094884264
-0.055945623,0.351029113
-0.05775975,0.55296992
-0.058667774,0.180452291
-0.03360382,0.086346461
-0.081723866,0.347958847
-0.008542643,0.626785375
-0.069450352,0.435483143
-0.050463498,0.160555597
-0.09876336,0.669639307
-0.046068866,0.269934881
-0.063147029,0.198502741
-0.079859084,-0.03067177
-0.050463869,0.391502757
-0.029776208,0.230386064
-0.041122234,0.111774071
-0.116931058,0.094333894
-0.056368768,0.437501071
-0.007760494,0.567686578
-0.063877452,0.223794388
-0.083419973,0.002990262
-0.015822967,0.599048451
-0.006444902,0.48501628
0.004534716,0.110942303
0.003285062,0.053199578
0.010155581,0.555094943
-0.003462653,0.456944023
0.005830138,0.100259013
-0.009315944,-0.066344133
-0.005386637,0.251542381
0.000695578,0.224904834
-0.000948657,0.237025951
0.010757587,-0.14550529
-0.005580957,0.22194827
-0.005317834,0.17694453
0.005497261,0.152873199
0.015718918,0.063032316
-0.017517047,0.337901419
-0.001936965,0.2498702
0.00399502,0.171642059
-0.005465816,0.094028426
-0.002619029,0.422521376
0.003096514,0.239419401
0.005581246,0.265681817
-0.000370655,0.281211347
0.00418183,0.20448259
0.002166816,0.176368695
0.00289377,0.167889593
0.01235676,-0.097486162
-0.004552608,0.320934957
0.00069313,0.263311342
0.006567008,0.062312057
-0.004256755,-0.248250561
0.001435236,0.282643259
-0.000352603,0.623546051
0.010369953,0.244578684
0.010995371,0.582854348
-0.00390225,0.325930575
-0.002614599,0.516326652
0.024704475,0.4779582
-0.012692559,0.460510243
0.005276984,0.484313722
0.007365323,0.893258433
0.005831087,0.203108395
0.003585714,0.165532523
-0.004484644,0.303122195
0.00199813,0.423012043
0.004401155,0.148249299
0.007326563,0.180427701
-0.005310706,0.263480862
0.006811629,0.35667314
0.002708129,0.17129403
0.004259497,0.500781442
0.003886862,0.113867549
0.012736713,0.600835367
0.000849103,0.304633993
-0.008980052,0.504530368
-0.002193099,0.42977548
0.00348226,0.290686579
0.00148538,0.215370528
0.001736731,0.595030674
0.002394975,0.571837551
0.003953058,0.497187371
0.003228381,0.328736456
-0.001007738,0.131347536
0.001875899,0.14075403
0.003355545,0.439876596
0.001308064,0.107963793
0.002118924,0.465075517
0.001475017,0.377311978
0.00207411,1.05241958
0.00319397,0.504145258
0.001133215,0.423456201
0.00180547,1.025832081
0.001984529,0.528620888
0.004471086,1.08817468
0.001368839,0.25096255
0.001650356,0.159118719
0.001426486,0.050151524
-0.040623933,0.117246469
-0.012725492,0.229858927
-0.00473418,0.159367596
-0.018343653,0.296480851
-0.024151912,0.331570101
-0.040830395,0.528597242
0.003649522,0.562402828
-0.010323696,0.437084893
-0.015204308,0.279958163
-0.020763877,0.270741248
0.000993899,0.060295553
-0.002818726,0.541452644
-0.010069081,0.088659219
-0.014179707,0.412510388
-0.001922999,0.631429759
-0.020076651,0.426434088
-0.014495148,0.261061085
-0.013635646,0.580026767
-0.00829164,0.350553662
-0.011519721,0.374572687
-0.007441708,0.328738752
-0.015429543,0.145667885
-0.00338302,0.909575117
-0.007163181,0.568933465
-0.010196374,0.446527913
-0.011229787,0.544617228
-0.005485222,0.550203127
-0.012971678,0.207918183
-0.033185839,0.434455207
-0.018319249,0.522816854
-0.031231512,0.372424951
-0.021534167,0.347428366
-0.023529173,0.360306826
-0.022401146,0.157181716
-0.016234928,0.003098814
-0.019586654,0.556737358
-0.026668772,0.672298618
-0.026401706,0.126398236
-0.002325342,0.215908071
-0.156657233,0.179287514
-0.127940667,-0.198715448
-0.126801594,0.040185857
-0.055792985,0.168161253
-0.113057518,0.14437898
-0.051972834,0.06024729
-0.077189272,-0.022095461
-0.053362187,0.311372567
-0.046813827,0.71254205
-0.055075539,-0.009917745
-0.062542802,-0.01366999
-0.128939154,0.329581747
-0.060851155,0.150493088
-0.025124939,0.034773627
-0.001645027,0.126817316
-0.082770525,0.248843125
-0.050329635,0.475988958
-0.025147184,0.083473004
-0.010148308,0.045561045
-0.038962032,0.367602265
-0.051113258,0.23802712
-0.00812591,0.211246445
-0.045512367,0.316909653
-0.002608,0.278499776
-0.109817843,0.379778386
-0.045574709,0.109907016
-0.019911283,0.212116292
-0.048370011,0.454532441
-0.023869004,0.379292807
-0.114734576,0.149402261
-0.005115283,0.123480531
-0.091360564,0.515334437
-0.121475231,0.90551413
-0.083091415,0.078846654
-0.026357533,0.085056563
-0.078158933,0.194028922
-0.043702802,0.171256833
-0.064225935,0.143880945
-0.010575147,-0.015855177
-0.018560934,0.464959304
-0.007450507,-0.035557507
-0.006812914,0.14709244
0.00260602,-0.01550935
-0.006845671,0.349459653
-0.011872931,0.023889079
-3.74E-05,0.05991934
-0.006371476,0.134736326
-0.008170649,0.16588464
-0.007300317,0.314203774
-0.005294221,-0.035365605
-0.005371927,0.163268986
-0.009272688,0.300066287
-0.006085151,-0.143784323
-0.015470809,0.1653445
-0.004228376,-0.026389017
-0.006782348,0.397259557
-0.0077337,0.007592408
0.004046907,0.452761014
-0.005522081,-0.062648432
-0.009135676,0.429865273
-0.00753703,0.204746501
-0.01396301,-0.074039959
-0.000241048,0.142198949
-0.007486045,0.071050982
-0.011113522,0.160894212
-0.008892491,0.020792522
-0.010201012,-0.078968338
-0.006127743,0.29104886
-0.009698024,-0.053174782
-0.00475015,0.153367382
-0.008926825,-0.227714804
-0.009723285,0.310206899
-0.001037356,0.090212783
-0.018143692,0.168536056
-0.00977653,-0.230837383
-0.005010505,0.319715579
-0.003480136,0.384274838
-0.016485837,0.146883595
-0.017365915,0.239753097
-0.0009879,0.316074888
-0.019471378,0.533494657
-0.008157951,0.4450811
-0.004726023,0.269735052
-0.004593154,0.207291416
-0.011734599,0.585894242
-0.028714364,0.344150933
-0.006007857,0.415688202
-0.008122152,0.210696757
-0.012219117,0.456519707
-0.001714714,0.233259609
-0.005463771,0.631348518
-0.009769506,0.422413746
-0.004690553,0.33495743
-0.002915336,0.312721794
-0.004113583,0.325019561
-0.012511217,0.604663739
-0.010365346,0.562728754
0.000924546,0.31582094
-0.003209684,0.602060863
-0.005656805,0.200450024
-0.004279397,0.488077358
-0.000300735,0.225992552
-0.006183518,0.388745514
-0.001393209,0.297701653
-0.010795775,0.517511169
0.001031444,0.461008048
0.004283524,0.393244252
-0.006183473,0.47006499
-0.015054777,0.676865131
-0.008413997,0.152361428
-0.003701473,0.216856196
-0.005959862,0.425737401
-0.007148782,0.69736598
-0.009304397,0.509051012
-0.007434588,0.616554617
-0.006712812,0.412115776
-0.00254464,0.854504686
-0.162249281,0.334301208
-0.08634516,0.138881497
0.013543284,0.237695597
0.040032812,0.473720357
-0.193689972,0.251014177
0.006111303,0.183263468
-0.078552111,0.108184981
-0.114712,0.214108682
-0.24338464,0.159117246
-0.116753029,0.126190053
-0.00389864,0.066673624
-0.01359781,0.400184787
-0.052615257,0.049425813
-0.015615247,0.202801172
-0.015496889,0.186488018
-0.091536433,0.140057846
-0.210946442,0.019620258
-0.09851895,0.133910068
-0.109084225,0.147951033
-0.061052147,0.052062393
-0.085503853,-0.073351073
-0.009633761,0.062568639
-0.037189782,0.168771301
-0.000262993,0.172684177
-0.010319156,0.074474518
-0.02217108,0.26973462
-0.025473276,0.137749288
-0.034884398,0.202478601
-0.032991114,0.08354283
-0.006932342,0.140597515
-0.01526424,0.066282359
-0.04994013,0.355836301
-0.302423848,0.152544948
-0.059402099,0.175713975
-0.017596015,0.209145246
-0.054359475,0.243008457
-0.057407079,0.193222167
-0.003853994,0.261986452
-0.075929182,0.123850737
-0.066416018,0.215816556
-0.085804554,0.427130291
-0.076924364,0.13504878
-0.049034285,0.223450533
-0.032834933,0.162971256
-0.039814985,0.085305988
-0.026355288,0.020457335
-0.016563094,0.150532988
-0.016554138,0.128432669
-0.03090845,0.174052549
-0.033855909,0.242720534
-0.004581068,0.469229765
-0.056927234,0.131843582
-0.0047993,0.184497298
-0.052007771,0.242640688
-0.014438867,0.182456375
-0.218062427,0.059661931
-0.012670632,0.339505687
-0.00067797,0.029917942
-0.055396559,0.341922807
-0.002672102,0.616211195
-0.039028444,0.375510828
-0.018115638,0.203786394
-0.007870236,0.371903743
-0.000544128,0.203162724
-0.0382556,0.150409357
-0.014267661,0.092931656
0.005720796,0.430439851
-0.002591113,0.154623035
-0.026933004,0.37529703
-0.012937302,0.137579336
-0.268128917,0.280918169
-0.07693305,0.402016069
-6.96E-05,0.264618496
-0.122942218,0.196590969
-0.071388109,0.413585749
-0.094251239,0.115310221
-0.052789711,0.31368325
-0.108144939,0.16161354
-0.04313291,0.342594544
-0.016031183,0.179625084
-0.030913057,0.083608322
-0.040337709,0.24314286
-0.059197037,0.283331107
-0.025792333,0.542674414
-0.004829877,0.393163609
-0.057819413,0.090782055
-0.031435972,0.149658511
-0.023280067,0.071526901
-0.019731332,0.401879291
-0.001995111,0.211455899
-0.039033936,0.161014763
-0.024670751,0.513919262
-0.040279375,0.300747102
-0.040692761,0.207173227
-0.01067523,0.163025639
-0.010428133,0.18309232
-0.017354997,0.426476951
-0.004427661,-0.036011398
-0.009518765,0.500865925
-0.040682497,0.196469484
-0.009594502,0.255221267
-0.008639297,0.23842276
-0.002128567,0.438287446
-0.011170301,0.261774219
0.002206179,0.250051719
-0.052059785,0.18787479
-0.014459254,0.143374002
-0.010339609,0.594439438
-0.00756666,0.473365696
-0.003881621,0.24870621
-0.029539733,0.248669137
-0.00694012,0.317833231
-0.048755891,0.273958788
-0.009793107,0.290615314
0.000901744,0.046985233
-0.003812339,0.337112545
-0.013196624,0.164225093
-0.017083673,0.616924528
-0.004314962,0.104799289
0.009897761,0.295558527
-0.011065009,0.411206987
-0.016432535,0.011358277
-0.00427925,-0.063325188
0.004682445,0.076586863
-0.037864039,0.049059664
-0.0299168,-0.751926285
0.001934578,-0.329182772
0.006791603,0.095996537
-0.022931933,0.080911635
-0.004736478,0.314521948
0.006039691,0.52685918
-0.007396262,0.13926768
-0.00144482,0.083447481
-0.01131501,-0.894792657
-0.003427828,-0.138260792
0.001098339,0.125652137
-0.030655297,0.327353203
-0.008096499,-0.195421
-0.009480592,0.230558187
-0.008879369,0.454412029
-0.030521261,-0.085799829
-0.002350805,-0.190715761
-0.00227628,-0.028168934
-0.007571386,-0.091835547
-0.016317608,0.003963783
-0.036627548,0.225491116
-0.012112823,-0.047846409
-0.023110605,0.52861515
-0.021989599,0.067566457
-0.012244473,0.107909674
-0.023126376,0.031435052
-0.012148308,-0.175125593
-0.051572769,-0.110874704
-0.014864409,0.470697016
0.004233783,-0.061254293
-0.004629957,-0.190797335
-0.011318005,0.425036858
-0.006987688,0.144058016
0.007638952,-0.026371951
-0.001725774,0.114887334
0.007679375,0.018789185
-0.005456482,0.138339972
0.002734676,0.252932124
-0.01282767,-0.086526486
-0.003594301,-0.122356288
-0.003485083,0.186027762
-0.003033106,0.221382717
-0.007599427,0.252866312
-0.01981994,0.203934099
0.001673302,0.141076099
0.00113385,0.044239105
-0.007561508,0.022753554
0.003774447,-0.270682084
0.002592102,0.346241618
-0.004474325,0.363195175
-0.012017439,0.211105661
-0.001690527,0.046947674
0.003370289,0.0112303
-0.004968589,-0.000232746
-0.00678579,0.090754759
0.007472554,-0.01871975
0.001973959,0.154964963
-0.002592585,0.309802996
-0.007366594,-0.20716928
-0.002596257,-0.006671968
-0.004922665,0.163908539
-0.000809003,0.021000779
-0.000628345,0.016292646
0.001675269,-0.000649649
0.01122782,0.096235587
-0.021210682,0.528204869
-0.020638394,-0.133990127
-0.010373666,-0.070536358
-0.003732231,0.203406453
-0.009842742,0.219195349
0.000740051,0.01181122
-0.004538087,0.13277443
-0.006441546,0.320383413
0.003049352,0.204956798
-0.0248375,0.151468028
-0.011964053,0.141528755
-0.000408831,0.161877088
-0.010013338,0.166509016
-0.000142328,0.237743845
0.002958122,0.149537728
0.000353342,0.193083287
0.000703652,0.193030675
0.006265411,0.063822112
0.003655422,0.085783035
0.003823263,0.062410014
0.000670362,0.059900882
-0.006724059,0.137238745
0.005353135,0.201175869
0.003020162,0.15034822
-0.000670811,0.131209303
0.000529979,0.164248614
0.002222567,0.112691987
0.002389774,0.106401974
-0.005404523,0.230898881
-0.001594433,0.040666474
0.001921537,0.025125563
0.00063279,0.162607867
0.00334321,0.057558197
-0.007282479,0.019878642
-0.001172837,0.080792845
0.002064463,0.311825295
0.001646021,0.432819759
0.002832071,0.343987483
-0.008358146,0.379550335
0.005291038,0.440711832
-0.126638001,0.172771208
-0.082163823,0.26074093
-0.089977561,0.206478273
-0.008075183,0.405280665
-0.040702703,0.573306306
-0.074894679,0.291907999
-0.058466466,0.123402126
0.005808516,0.106671325
-0.145888949,0.213409042
0.670212665,0.097323806
0.281540055,0.184213739
0.039656499,0.130870239
0.171048454,0.092554331
0.198485653,0.098912126
0.052290077,0.029412561
0.133758683,0.043194195
0.188682872,0.142903849
0.245528725,0.091554962
0.180960429,0.112647105
0.165509167,0.030099257
0.19631972,0.06684413
0.232256734,0.007553428
0.008542034,0.160261872
-0.007337359,0.122927824
-0.006174214,0.232540447
0.048157507,-0.072298735
-0.050565615,0.297872639
0.128901732,0.347420716
-0.022947551,0.137239453
-0.065000578,0.015699587
0.026882095,0.063459364
-0.066719631,0.035090015
0.003440375,0.380637294
-0.046130186,0.084446928
0.024817963,0.040151624
-0.118297463,0.173160723
-0.038383145,0.324837052
-0.076383915,0.224367523
-0.038514518,0.07628999
-0.066600119,0.254843636
-0.026472366,0.041754963
-0.066724798,0.03932319
-0.074901267,0.070796278
-0.061204144,0.165449299
-0.03027095,0.093671706
-0.049996881,0.041469241
-0.064916565,-0.251564154
-0.020523641,-0.075263973
-0.100448515,0.379653494
-0.022503791,0.081294001
-0.062637306,-0.220185047
-0.073539508,-0.032381898
-0.040750789,-0.015717138
-0.038120435,0.192465134
-0.063460406,-0.290146753
-0.033029539,-0.163429997
-0.034149978,-0.345209124
-0.060220884,0.106166925
-0.032296569,-0.030112386
-0.022070004,0.382856052
-0.041207741,-0.227044335
-0.032248993,0.159153054
-0.054157895,0.01944926
-0.006010988,0.309163199
-0.073276843,-0.200520632
-0.04644401,0.539133455
-0.0110019,0.082698711
0.007205937,-0.078456436
-0.033990431,-0.269130412
-0.022266989,0.094920998
-0.031563222,-0.077255429
-0.013910109,0.007147552
-0.052205331,-0.104253862
-0.025390493,0.155500259
-0.007411365,0.370407806
-0.011341537,0.191977768
-0.066864132,-0.184062971
0.005779741,0.079477838
-0.002473382,0.310165576
0.001845636,0.187796851
0.002843199,0.309237623
0.003867907,0.156234058
0.001711162,0.112186709
0.002536151,0.028844595
0.00195093,0.252087123
0.002872356,0.041630267
0.001642779,0.51115148
0.002997641,0.368583237
0.004313239,1.152200049
0.001503024,0.253694132
0.001853958,1.437459554
0.002861847,0.489434343
0.000562816,1.462989337
0.003626851,0.844405918
0.001945443,0.49533615
0.002564499,0.784783076
0.001220646,1.925084969
0.002236536,0.732434725
0.002639832,0.694725426
0.002007425,0.603320195
0.001560103,-0.242108391
0.001539427,0.080438201
-0.002662015,-0.505514854
0.001473586,-0.287860776
0.001330043,-0.293331616
0.002147793,0.032852353
0.001508938,-0.183078919
0.001434591,0.018328911
0.002701462,-0.099823937
0.002622949,0.01511938
0.001112931,0.194409282
0.001883225,0.065883984
0.001464604,-0.013958491
0.001028828,0.005155228
0.001122494,-0.147907512
-0.002166695,-0.164961853
0.001630519,-0.024370128
0.001189222,0.022245061
0.000891507,-0.128358672
0.001490148,-0.424849754
0.000806215,0.426698198
0.000575917,1.07989337
0.001234798,1.334815027
0.001143124,-0.713481592
0.000832321,-0.2701021
0.000129117,0.245583399
0.00117518,0.201271454
0.000882261,0.367683819
-0.000381431,0.438317085
0.001128786,0.373893635
0.000848798,0.534699779
0.000616652,0.912276846
0.000804882,0.69295188
0.000817438,0.622043415
0.000947146,0.827641626
0.000867105,0.863851008
0.000972061,0.666628079
0.00042152,-0.790475699
0.001777049,-1.172128162
0.001136284,0.113833508
-0.000450202,-0.672455114
0.000642317,-0.942633998
0.000546872,-1.232950512
0.000966065,-0.57855245
0.000948251,-0.428646899
-0.001781671,-1.101230331
0.001556353,-1.000748553
0.002853994,-0.667947896
0.001099757,-0.101418424
0.0006433,-0.63838671
0.00222317,-0.155377396
0.000781106,-0.10698324
0.001867433,-0.064757856
0.000432877,-0.08597806
0.00126853,0.00871781
-0.007720689,-0.016135532
-0.068095098,-0.05476275
-0.008270117,-0.022982591
0.030117328,-0.318232204
-0.042920823,0.15630087
-0.013476213,0.101825666
-0.013624932,-0.057228654
-0.001006108,-0.286281961
0.010037616,0.136687738
-0.003837033,0.247898746
-0.001186938,0.02624502
-0.002062276,-0.406250524
-0.002591487,0.157534282
-0.011458301,0.18967342
0.00113017,-0.073829087
0.002916045,0.110382143
-0.00270722,0.252464979
0.001169633,0.369831544
-0.000782851,0.095810815
0.002819081,-0.264753247
0.001444386,0.371007104
0.000549809,0.431458228
-0.000187189,0.090634538
-0.003821781,-0.037630767
-0.006504112,0.264063279
0.002026579,0.508228974
0.001296475,0.066476529
-0.01038992,0.092971951
-0.003360662,0.29433827
-0.014778585,0.282476668
0.0020197,0.159781001
-0.017786526,-0.127222081
-0.011512323,0.509233103
0.001681526,0.167292287
-0.000707798,-0.005562963
0.018034611,-0.027428236
0.001430038,0.326785605
0.002132606,0.488319048
0.000528299,0.175646325
-0.00578031,0.024373733
0.003684879,0.654397365
0.005963732,0.501519231
0.002307473,0.050166667
-0.007489417,-0.069903529
0.00320906,0.334322142
-0.004478715,0.338673146
-0.000651883,-0.024799642
-0.001870231,0.208130114
0.002981895,0.420232963
0.001334522,0.274598796
0.005418833,0.071745996
0.001000422,-0.046162872
-0.00858149,-0.019925103
0.005320744,-0.011236305
0.004048436,-0.086955021
-0.007862015,-0.160843885
0.004584408,0.048083637
-0.005868111,-0.105613946
0.00212416,-0.092273723
-0.000679002,-0.06725963
0.001145475,0.070321692
-0.00049514,-0.012183134
0.002834981,-0.087169244
-0.02297742,-0.120380206
-0.001205931,0.049499664
0.002441456,0.004009482
-0.001547197,-0.051491737
-0.003334966,-0.012812459
0.000169928,0.084243352
0.002339907,0.032796995
0.001761293,-0.160519262
0.001728205,-0.00246808
0.002551522,0.150500285
0.001831391,0.057935881
0.007568805,-0.086699834
-0.005030775,0.075139859
0.000237683,0.108861468
-0.003393761,0.060447916
-0.003057139,-0.07346692
0.001578336,0.037023716
-0.00831986,-0.012908557
-0.013613804,0.044059068
0.001793845,-0.029746901
0.003321983,0.037272237
0.004927463,0.202492324
-0.01604212,0.179650771
-0.002179998,0.042405931
0.006811673,0.061313724
-0.003656256,0.086008681
-0.001288425,0.085369915
0.001164557,0.012012791
0.002890884,-0.149540576
-0.001193283,0.060350502
-0.002874428,0.002152009
0.00093777,-0.089464978
-0.002272546,-0.176762791
-0.001993433,-0.232306037
-0.013499665,0.001635302
-3.39E-05,-0.138347795
0.001796591,-0.055642962
0.000866288,0.078128158
0.002154869,0.041996194
-0.000543039,-0.217978842
0.001535942,-0.043950446
0.002970318,-0.005052184
0.001953221,0.006870668
0.002502251,-0.114947375
0.005713321,-0.130742041
-0.00238065,-0.069379122
0.002281135,0.058790272
7.18E-05,-0.06062787
0.002249316,-0.05473211
0.00255573,0.011904292
-0.004505272,-0.037762295
-0.002242214,-0.103383276
0.007689832,-0.025384199
-0.135838685,0.124577089
-0.007190873,0.026509493
0.007354127,-0.006159808
0.004341267,0.003540575
-0.001743275,0.030284282
0.002929738,0.044015537
-0.001014144,-0.058727988
0.003067326,0.03220981
-0.013888496,0.088819732
-0.002000541,0.039631824
-0.004192112,-0.044224159
0.002869709,-0.00562602
0.003085758,0.106105037
0.002007773,0.022273775
-0.000763322,-0.036920296
0.002664633,-0.14884392
0.00044307,0.105823378
0.002275634,0.354499355
-0.004266347,-0.061937827
-0.004407449,0.121581113
-0.001738885,0.095134821
0.002043595,0.337569153
-0.001197121,-0.207806906
0.001686511,-0.060658488
0.001563032,0.210764552
-0.003838847,0.281827966
-0.002539734,-0.190872825
-0.004068051,-0.158925904
-0.001129539,0.202365102
0.002995942,0.318542147
0.005141958,0.25636912
-0.002732093,0.33211297
-0.012487824,0.432760225
-0.006020673,0.100009494
-0.00025478,0.088798864
0.005008968,0.435356338
-0.00157078,0.095518482
-0.007502038,1.043059176
-0.007238998,0.067097813
-0.014508874,0.440599299
-0.002192104,0.393734063
-0.00039366,0.568318451
0.001429884,0.0864749
0.00285675,-0.114773136
-0.005350502,0.071220104
-0.003605209,0.607106232
0.001484512,0.006204822
-0.000255318,0.726557692
-0.005150343,0.563556871
-0.002470353,-0.29508031
0.001010832,-0.022501534
-0.005793622,-0.09746347
0.003106192,0.708289879
0.001191553,-0.020643234
0.000777903,-0.284373133
-0.000934541,-0.204258435
-0.002010624,0.113095538
-0.000125614,0.036788012
-0.00424533,-0.233786811
-0.016722452,-0.032617657
-0.004898884,0.165623442
0.004166754,-0.101222448
0.000311801,-0.173612676
0.001865389,-0.212640994
-0.000475808,-0.002506276
-0.013790033,-0.393148174
-0.000323026,-0.372667081
-0.000454056,-0.284102277
-0.005269332,0.574266815
0.000937795,0.075776123
0.002178334,-0.085810697
-0.004089691,-0.324945424
-0.000203674,0.344408599
-0.001116489,-0.275638851
0.000574469,0.112634646
0.001592655,0.369772395
-0.002634138,0.557788458
0.001262101,-0.217011871
-0.001025817,0.440445083
0.000160164,-0.027191049
-0.002736693,0.659390275
-0.005367772,-0.268585681
-0.003008811,0.299809086
-0.007709912,0.080649097
-0.002823242,0.123469629
-0.003774319,-0.227785265
-0.007188779,-0.103571764
0.003461281,0.230415093
-8.68E-05,0.521591013
-0.003278017,-0.065856942
-0.007713514,-0.217471186
-0.01107588,0.027564453
-0.003696757,0.218449921
-0.006974952,-0.033989757
-0.004239776,0.537896949
-0.000524435,0.639039785
0.003260221,0.526958881
-0.000649156,0.537985395
-0.005159486,0.633674945
0.001285331,0.711650503
0.000146143,0.421386796
-0.003791972,0.469409164
-0.000953883,0.498674704
-0.001761613,0.681712851
0.000274617,0.886988077
-0.001257041,0.609395941
0.000793636,0.786821302
-0.010598261,0.880260218
-0.000346424,1.087506698
0.000947398,1.142058576
0.00129187,0.751284453
-0.005664151,1.248800195
-0.003394483,0.241458383
-0.010735559,0.972960162
-0.019913783,0.456962313
-0.000306235,0.771015935
-0.000706847,0.628868003
-0.010232275,0.66430127
-0.01392459,0.557156194
-0.01241839,1.280605067
-0.006323232,0.387003679
-0.007365532,0.453102011
-0.002854348,0.882471726
-0.015398442,1.135156908
-0.022480436,0.975459765
-0.013601963,0.565047558
-0.010522935,0.300587611
-0.016068538,0.730879138
-0.001074412,0.563448588
-0.011848319,0.322186542
-0.007191567,0.445374918
-0.023928691,0.591286108
-0.003762739,0.468096311
-0.026256223,0.346415829
-0.021064456,0.331798726
0.000296013,0.104596751
-0.01814384,0.12693074
-0.011133272,0.054550752
-0.034338581,0.430407587
-0.011529335,0.063668766
-0.005663896,0.471445725
-0.01545099,0.57452249
-0.01718928,0.017764417
-0.011934207,0.132635501
-0.010407205,0.484693983
-0.037541588,0.507205747
-0.005920747,0.091819634
-0.032261424,0.133578939
-0.021799901,0.23473752
-0.031568729,0.07496214
-0.009553484,0.265633051
0.006870831,0.132668175
-0.026057544,0.387354877
-0.027211433,0.397954134
-0.022262174,0.239647402
-0.011196168,0.070684791
-0.014412088,0.083989641
-0.006839419,0.451025431
0.00366305,0.321781759
0.000271958,0.565801994
0.002439933,0.115999463
-0.008015023,0.456622379
0.006008411,0.408097033
-0.004695076,0.031539244
-0.002012692,0.037176218
0.004247175,0.132398616
-0.009133829,0.243856707
-0.001268512,0.425176276
-0.008596033,0.540100472
0.002475444,0.313222714
-0.001649525,0.269445495
-0.00371992,0.449805434
-0.003014561,0.466490567
0.001032524,0.380370864
0.024188715,0.339081929
0.000929715,0.135024242
-0.002243093,0.74903197
0.001609921,0.120565124
0.017290386,-0.135623864
-0.003816402,-0.065139655
-0.007079614,0.476693162
-0.014643818,0.093224126
0.009291359,-0.326574401
-0.008802744,0.479007199
-0.012097893,0.087631294
0.002072135,0.438550938
-0.001171468,-0.115302012
-0.002751208,0.203077737
0.002917865,0.541823349
0.006420112,-0.051405143
0.00487858,-0.292174649
-0.000128737,0.049266013
3.65E-05,0.185031633
0.008945306,0.081763296
0.008202809,-0.177302309
-0.010757879,0.347937591
-0.000551217,0.024345412
-0.001842454,0.057646766
-0.000164833,-0.15132706
0.000178488,0.263587493
-0.001672482,0.252645702
-0.006842162,-0.023385859
0.000200312,-0.240572294
-0.009327403,0.113391713
-0.000752342,0.36049346
0.00052609,0.087212274
-0.003551724,-0.021161929
-0.009837267,1.617920243
-3.61E-05,0.659464336
-0.01652405,0.306364992
0.000705869,-0.11215457
0.002601874,-0.007846486
0.003474348,0.697808853
-0.001275557,0.174847465
0.005036353,-0.006426387
-0.009633236,0.111047049
0.002666352,-0.027390024
-0.007579303,-0.353686076
-0.005561985,0.285311674
-0.003807223,0.037296641
0.001268576,-0.235818163
0.001783904,0.160807347
-0.004991256,-0.120919592
0.000779141,0.213951659
0.003801674,-0.06804878
-0.00173681,-0.298720045
-0.005426922,-0.168313136
0.002880781,0.469691963
0.001294835,0.71723909
-0.0001918,-0.286202653
0.002066382,-0.128922041
-0.000587365,0.058434776
0.002807158,-0.089266899
-0.007215571,-0.084908591
-0.07439952,0.058661485
-0.003040517,0.673287446
-0.012328038,0.536761894
-0.008483046,0.313913062
-0.013643461,0.18322583
-0.000120643,0.757641463
-0.002406964,0.419216377
0.000756005,-0.109337698
0.004642947,0.157309627
-0.003679489,0.62355666
8.80E-05,1.19752834
0.000552298,0.000858829
-0.00760743,-0.27399552
-0.00210072,-0.005623521
0.002308545,0.181879018
0.001251374,-0.495971554
-0.005719099,0.027708014
-0.001835598,0.42972551
-0.000663553,0.776533911
0.002957255,0.096857043
0.001322067,-0.248633535
0.001741148,0.022825339
0.001745006,-0.505792857
-0.001767898,-0.432170341
-0.005462299,0.107068966
-0.002370958,-0.42482308
-0.000661559,-0.802734488
-0.000236385,-0.020443496
0.002067039,-0.111675196
-0.009488315,0.099356229
0.002292184,0.320685375
-0.00122139,-0.202834457
-0.001149158,0.109409556
-0.000168595,-0.687152217
1.33E-05,-0.025179371
-0.001860492,0.168478807
-0.002962299,-0.007722607
0.003913744,-0.038802221
0.00206813,0.03838677
0.000336078,0.02466516
-0.001514588,-0.294455769
-0.000181389,0.012146057
-5.07E-05,0.229637413
0.001107713,0.005187651
0.000727725,0.004403896
-0.001102024,0.244367053
-0.000934087,0.117454498
0.000519302,-0.061204208
0.000487609,0.165911014
0.000774938,-0.002802776
-0.001078996,0.226039462
0.001282545,0.130998144
-0.006131629,0.391305371
-0.002868599,0.964543044
-0.000562968,0.116811133
0.000968771,0.091445896
-0.004530966,0.172935656
0.000660822,0.090645714
0.003007321,0.337108788
0.000241197,1.15375148
0.001013547,-0.347562276
-0.000293323,-0.070919885
0.001684311,-0.125370446
0.000514396,-0.547969553
-0.001619242,0.259822485
0.000763825,-0.070062873
0.001624574,0.091068036
0.000855023,-0.485223162
-0.000133599,-0.080585513
-0.003884843,0.224088609
0.001024123,-0.958750438
0.002218099,-0.299930088
-0.001120581,-0.173550787
-0.001053365,0.263051613
0.003400356,-0.113666555
,-0.443127443
,0.3013101
,-0.340829675
,-0.246234962
,-0.763994506
,-0.164854657
,-0.152163781
,-0.083895522
,-0.571789992
,-0.070075265
,-0.040653877
,0.050666754
,-0.283374086
,-0.101457948
,0.009514439
,0.419748487
,-0.29166255
,0.051652156
,0.368603813
,-0.031451836
,-0.250905556
,-0.549216248
,0.01200339
,0.212692248
,0.112675745
,0.156739729
,0.175549819
,-0.008001302
,0.153815638
,0.250377058
,0.211087724
,0.124470244
,0.071689595
,0.251139198
,0.100700545
,-0.062479978
,0.186313294
,-0.022260166
,0.07666758
,0.077082585
,0.040983005
,0.037867848
,-0.026597486
,0.401797317
,-0.002758399
,-0.06922402
,0.034054375
,-0.015738398
,0.005995148
,0.327962909
,0.086590694
,0.392710613
,0.216516593
,0.088978428
,0.051817098
,0.446435011
,0.04351328
,0.186380725
,0.461450666
,-0.069594712
,0.177071175
,0.489750293
,0.175314795
,0.55675398
,0.191103256
,0.347977066
,0.300102382
,-0.030133389
,0.243685531
,0.10509145
,0.073406585
,0.007025216
,0.144885393
,0.115771815
,0.042474848
,0.044683688
,0.124561862
,0.11945203
,0.061618125
,0.180464979
,-0.011123908
,-0.009483049
,0.01480981
,0.009666711
,0.261322587
,0.018682112
,-0.007482248
,0.247803861
,0.085484205
,-0.006824816
,-0.010273875
,-0.004499398
,0.114419327
,0.033216565
,-0.040667559
,0.00484224
,0.029375126
,0.034237376
,0.144589121
,0.038786036
,0.07620266
,0.114279632
,0.257606524
,0.025346096
,0.094846799
,0.00995936
,0.175257441
,0.283064067
,0.198295269
,0.108516879
,0.18265496
,0.190524345
,0.294710175
,0.178380726
,0.185844217
,0.253107093
,0.082012938
,0.072280987
,0.178593505
,0.326427595
,0.08040621
,0.178002511
,0.127060243
,0.252212486
,0.439939207
,0.093892973
,0.15953358
,0.360090062
,0.30523878
,0.157290194
,0.382031986
,0.429387542
,0.263299383
,0.328657676
,0.207540499
,0.278401999
,0.199367222
,0.11203218
,0.105481762
,0.316372821
,0.356686713
,0.328887608
