19800,-38.741,-1.2081,0.1249,-0.0065875
16217,-32.068,-0.80658,0.10543,-0.0033308
10429,-36.713,-3.8081,0.065358,-0.01159
12908,-24.134,-0.41554,0.08316,0.018244
8909,-38.435,-0.80933,0.145,-0.015991
12592,-43.801,-2.316,0.13546,0.004172
8779,-13.614,-0.30061,0.059447,0.00097313
7955,-22.652,-0.56889,0.089502,0.0041817
22839,-16.704,-0.47901,0.17187,-0.0086211
18936,-37.732,0.24177,0.13693,0.0004083
5356,-12.939,0.071155,0.058909,0.0057184
6756,-9.5024,-0.057986,0.083779,-0.0014033
10318,-7.7825,-0.23556,0.11933,-0.0039741
8928,-11.877,-0.3361,0.086531,0.0011761
8054,-8.3356,0.21538,0.13156,-0.0027454
15004,-7.8717,-0.12369,0.094621,-0.0033694
11643,-6.4303,-0.36486,0.095965,-0.0036654
11841,-19.058,-0.12258,0.13385,0.0088785
13345,-10.531,-0.23444,0.14886,-0.0078092
11086,-32.027,-0.20155,0.044787,0.012457
5848,-19.828,-0.40861,0.067915,0.0062872
10973,-27.037,-0.5625,0.20188,-0.008362
6249,-23.901,-0.65709,0.06919,0.0032306
5917,-7.946,0.46279,0.064738,0.0013888
18733,-28.416,-0.2398,0.15618,-0.0053194
6684,-24.233,0.33954,-0.00054625,0.007681
4613,-21.708,0.025777,0.0074316,0.016691
12022,-30.796,-0.3666,0.12146,-0.0038766
9353,-15.818,-0.39549,0.033926,0.0023504
7012,-9.4777,-0.2437,0.028387,0.0052167
3485,-14.779,0.16032,0.16533,0.001411
18446,-14.654,0.003756,0.21217,-0.0092401
7768,-12.417,-0.34919,0.019411,0.0018063
17256,-25.439,-0.76226,0.13116,0.0022457
8028,-6.9249,0.30026,0.22366,-0.0088051
7372,-10.246,-0.06687,0.19845,-0.0073566
4572,-8.2801,0.35925,0.078947,-0.0024767
4797,-7.9876,-0.16648,0.054882,0.010753
6348,-8.6119,0.14237,0.21187,-0.0067129
25201,-38.873,-0.12581,0.17331,-0.00023197
10349,-24.267,-0.20927,0.056225,-0.0010778
7974,-10.725,-0.040621,0.031032,0.0038266
5168,-7.4745,0.093226,0.20689,-0.0035733
14039,-20.776,0.14133,0.21395,-0.0094991
6064,-14.778,0.045551,0.074665,0.0010442
11465,-26.561,-0.053265,0.10869,0.0056703
5640,-20.377,-0.41775,0.16316,-0.010956
12815,-34.921,-0.80121,0.21387,-0.010933
13512,-22.434,-1.3554,0.038255,-0.0019312
6324,-19.441,0.036363,0.10744,0.012709
7324,-38.139,-0.092033,0.20671,0.00788
8569,-17.44,0.1711,0.22682,-0.011409
6766,-10.037,0.24693,0.11764,-0.017212
18054,-26.031,-0.9557,0.1623,-0.0025999
8959,-32.339,-0.33976,0.16007,0.0074448
4245,-21.611,0.27615,0.22163,0.00023982
8053,-27.324,-0.89092,0.057974,0.00489
6569,-8.4073,-0.41592,0.014224,0.0025281
3373,-41.223,0.37546,0.17057,-0.0045383
10064,-12.488,-0.34078,0.22606,-0.013182
9095,-7.2673,-0.26399,0.13133,0.00016318
11769,-13.852,0.082677,0.035065,0.0046434
10266,-7.0435,0.2444,0.2215,-0.01455
6067,-40.177,1.8716,0.17814,0.0042156
5289,-18.282,-0.57402,-0.00020816,0.0096802
4317,-18.86,0.037253,0.028835,0.0087191
12678,-11.822,-0.44401,0.23269,-0.013241
12021,-10.073,0.017198,0.023407,0.00077197
11748,-10.131,-0.54786,0.025944,-0.0011671
11633,-8.6041,0.13239,0.013685,0.00064618
16425,-11.732,0.040958,0.23976,-0.011573
8963,-35.112,-1.0697,0.14138,-0.0095704
11455,-18.017,-0.92118,0.050172,0.0020794
14462,-13.712,0.033789,0.14043,-0.0035643
15462,-8.5863,-0.0089115,0.08422,-0.0045919
29582,-22.16,0.71371,0.21806,-0.0048845
11001,-20.367,-0.052337,0.014086,0.0062361
12335,-11.863,0.36578,0.029927,0.00081156
17741,-12.632,-0.24954,0.023969,-0.0023792
21262,-8.3637,0.33081,0.083868,-0.0048255
15070,-15.718,-1.152,0.092529,-0.0054502
17497,-11.419,-0.044452,0.19639,-0.013355
14741,-9.1709,-0.458,0.016804,-0.0016588
9993,-6.8015,0.24695,0.14811,-0.0081459
13352,-15.981,0.68125,0.1218,0.0020064
17377,-11.292,-0.29303,0.18501,-0.011564
13381,-7.8261,-0.56749,0.1189,-0.007662
11693,-20.963,-0.71558,0.20862,-0.0073279
6784,-12.363,-0.72617,0.1346,-0.0067264
8477,-7.4169,0.29431,0.12901,-0.0038623
9235,-14.144,-0.6199,0.15478,-0.0062778
12368,-16.955,1.0993,0.12446,0.0022564
9780,-7.2128,-0.010487,0.027007,9.211e-05
6711,-9.4131,-0.36875,0.13625,-0.0047404
10764,-7.8363,-0.016186,0.037047,-0.00073802
7880,-15.734,0.3501,0.11079,-0.00096566
14299,-13.12,0.91641,0.14227,-0.0024472
9129,-8.279,-0.40365,0.028651,0.00022899
9291,-11.455,0.11023,0.2863,-0.011338
20164,-16.645,1.0115,0.23775,-0.007369
9995,-10.848,-0.93999,0.067023,-0.00245
9660,-7.662,-0.20494,0.035507,0.00015016
6671,-6.7728,0.17194,0.065233,0.0013189
8702,-7.8385,0.22556,0.045525,0.00045969
6103,-7.7539,0.49793,0.0061725,0.0053781
9475,-8.5219,0.031344,0.24621,-0.014411
20386,-11.875,-0.35187,0.28827,-0.018126
10386,-7.6861,-0.32743,0.023702,2.7211e-05
12431,-11.092,-0.372,0.017295,0.0017093
8122,-7.3059,-0.26862,0.016983,0.00027986
9150,-6.4664,-0.31323,0.21433,-0.010259
12745,-7.0078,0.19261,0.045535,0.00095587
10062,-11.046,0.68169,0.26147,-0.0077993
5542,-5.2698,-0.37145,0.010316,0.0013527
5634,-6.8571,-0.14526,0.27694,-0.012772
8879,-7.6439,-0.020514,0.20987,-0.010463
11754,-12.511,-0.89674,0.038583,0.002575
8245,-9.726,-0.27407,0.04094,0.0007961
9140,-6.2512,0.0018852,0.057477,-0.0020496
14025,-8.8811,-0.26937,0.014033,-4.1293e-05
14090,-9.7636,-0.03239,0.25975,-0.015182
7784,-4.8137,-0.35525,0.11813,-0.0058807
14729,-18.011,-0.53164,0.24162,-0.01133
8200,-9.5683,0.69695,0.14693,-0.0011197
9368,-11.42,1.0801,0.19748,-0.00095252
6315,-10.995,-0.26968,0.24031,-0.00842
6577,-13.135,-0.55178,0.23888,-0.01202
13125,-6.7958,0.009394,0.044074,-0.0012411
7687,-19.893,-0.40209,0.16464,-0.0035072
5395,-13.365,-0.74712,0.25191,-0.0068004
15638,-15.069,-0.045355,0.25606,-0.012307
15911,-7.4459,0.1985,0.032048,-0.0011885
9045,-18.005,2.1328,0.10492,0.0045877
11110,-12.212,-0.95653,0.14978,-0.0062358
26818,-5.8147,0.3298,0.26959,-0.01628
13320,-6.4674,-0.17177,0.030848,-0.0019626
5332,-22.853,0.79281,0.21226,0.0063825
5772,-13.212,0.0068589,0.23688,-0.01196
4723,-12.691,0.57277,0.22407,-0.0078
7865,-29.372,-0.98507,0.26786,-0.014057
6957,-15.597,0.72465,0.17954,-0.0002248
6608,-16.973,-0.86115,0.26843,-0.00064687
10709,-10.846,-0.062657,0.30774,-0.012254
6754,-6.2822,0.30513,0.23349,-0.010693
4442,-15.8,0.085245,0.099831,0.0035395
0,0,0,0,0
0,0,0,0,0
0,0,0,0,0
0,0,0,0,0
0,0,0,0,0
0,0,0,0,0
0,0,0,0,0
0,0,0,0,0
0,0,0,0,0
0,0,0,0,0
0,0,0,0,0
0,0,0,0,0
0,0,0,0,0
0,0,0,0,0
0,0,0,0,0
0,0,0,0,0
0,0,0,0,0
0,0,0,0,0
0,0,0,0,0
0,0,0,0,0
0,0,0,0,0
0,0,0,0,0
0,0,0,0,0
0,0,0,0,0
0,0,0,0,0
0,0,0,0,0
0,0,0,0,0
0,0,0,0,0
0,0,0,0,0
0,0,0,0,0
0,0,0,0,0
0,0,0,0,0
0,0,0,0,0
0,0,0,0,0
0,0,0,0,0
0,0,0,0,0
0,0,0,0,0
0,0,0,0,0
0,0,0,0,0
0,0,0,0,0
0,0,0,0,0
0,0,0,0,0
0,0,0,0,0
0,0,0,0,0
0,0,0,0,0
0,0,0,0,0
0,0,0,0,0
0,0,0,0,0
0,0,0,0,0
0,0,0,0,0
0,0,0,0,0
0,0,0,0,0
0,0,0,0,0
0,0,0,0,0
0,0,0,0,0
0,0,0,0,0
0,0,0,0,0
0,0,0,0,0
0,0,0,0,0
0,0,0,0,0
0,0,0,0,0
0,0,0,0,0
0,0,0,0,0
0,0,0,0,0
0,0,0,0,0
0,0,0,0,0
0,0,0,0,0
0,0,0,0,0
0,0,0,0,0
0,0,0,0,0
0,0,0,0,0
0,0,0,0,0
0,0,0,0,0
0,0,0,0,0
0,0,0,0,0
0,0,0,0,0
0,0,0,0,0
0,0,0,0,0
4493,-42.426,1.4548,0.095946,0.011436
5472,-32.541,-0.66943,0.1204,0.0026182
3991,-15.603,-0.85057,0.12901,-0.0041535
6165,-13.882,-0.25208,0.16948,-0.0039854
15718,-44.502,0.18605,0.15542,0.0068955
3438,-9.4998,1.555,0.1425,0.0034179
4346,-33.167,-0.68417,0.11772,0.011965
9429,-15.275,-0.76077,0.073149,-0.0026124
15626,-25.794,-1.087,0.0045987,0.0021745
5908,-62.437,-0.099533,0.12699,0.0086152
6150,-21.831,-0.68818,0.24741,-0.0079738
4191,-21.488,-2.2226,0.065182,-0.015052
3971,-20.895,1.0677,0.19675,0.0012288
3629,-19.037,-0.90507,0.23225,-0.0056338
12027,-25.742,-1.3814,0.16928,-0.0087516
7691,-26.197,-1.4684,0.071072,-0.0058826
6828,-63.482,1.107,0.0097842,0.013792
3711,-39.778,-2.5388,0.04617,-0.017556
8417,-37.358,1.1745,0.14215,0.0041696
2134,-20.15,-0.022423,0.06437,0.0065679
5726,-30.061,0.33855,0.060346,0.0052853
4183,-44.921,-1.8038,0.1874,-0.0039222
8003,-43.484,-2.298,0.04433,0.0055717
3592,-23.325,-1.035,0.0078071,0.01329
3126,-29.619,0.36614,0.16439,-0.0037061
1839,-68.238,1.1389,0.033195,-0.0012283
4607,-72.131,-0.59846,0.07362,0.0037879
4978,-20.21,-0.48103,0.020675,-0.0029502
4565,-34.888,0.2901,0.0058764,0.0040553
6219,-71.739,0.10203,-0.055025,-0.0029749
3220,-18.992,-0.34317,0.042456,-0.0013999
9775,-34.891,-2.3133,0.13504,-0.00072355
8227,-27.907,-2.2743,0.085307,-0.0066192
4970,-37.658,-1.1883,0.005797,-0.0037361
6331,-59.024,-1.232,0.16069,-0.005789
2475,-30.944,-0.37565,0.047067,-0.018699
2308,-17.203,-1.0691,0.065084,-0.025844
4559,-27.053,-0.49422,0.0013576,0.0048541
14153,-41.493,-0.023835,0.016519,0.0084144
5728,-49.182,-0.73858,0.073368,-0.010031
5169,-34.459,-1.2631,0.04051,0.015896
6681,-56.586,-5.4121,-0.0059165,-0.010911
2909,-43.736,-2.5408,0.040183,-0.019805
16573,-64.447,-0.056523,0.061831,0.0095834
2420,-66.554,-1.6151,0.040847,0.015638
7699,-33.181,-1.358,0.048871,-0.0076813
2071,-46.134,-0.73764,0.040049,0.0082425
3768,-60.963,-1.367,0.072458,0.00075813
11345,-59.702,1.6211,-0.014802,0.016044
5309,-32.685,-0.79694,0.044498,0.0081117
7457,-28.963,-1.075,0.13126,-0.017076
6993,-33.82,-1.0583,0.022894,0.0042922
10725,-50.828,1.6943,0.156,0.0083865
6777,-28.656,-1.7916,0.044516,-0.035941
7708,-66.997,-1.1314,0.19115,-0.0061129
9316,-25.535,-1.0461,0.092004,-0.0033353
3762,-20.85,-0.18245,0.21931,-0.021344
4940,-28.863,1.4482,0.11688,-0.012583
2636,-29.773,-0.95039,0.15806,-0.00013333
6950,-38.568,-0.13136,0.026437,0.0027398
5933,-44.005,-0.032404,0.088394,-0.026363
2664,-36.167,1.1069,0.024943,-0.021864
11204,-45.491,2.091,0.22443,0.0029081
3497,-30.991,2.4721,0.085131,-0.0031098
3771,-37.351,-2.0324,0.00075811,-0.013943
2788,-46.469,-0.83339,-0.028315,-0.026753
5729,-31.618,0.97174,0.21976,-0.00025045
16829,-44.599,1.0961,0.12225,0.0094513
10910,-23.901,-0.76396,0.031759,0.0010234
42796,-27.795,0.49138,0.23115,-0.010754
6380,-31.287,0.38522,0.085246,0.0041168
3534,-29.058,3.4397,0.058035,-0.0037477
4654,-47.607,-2.7188,-0.010685,-0.013455
12404,-35.552,0.56126,0.048922,0.012797
9373,-32.026,-1.0834,0.034501,-0.010569
2591,-20.622,1.5034,0.080585,-0.011259
8851,-38.221,-0.61836,0.10817,0.0047185
2878,-89.787,2.6525,-0.023404,0.020721
15006,-29.039,2.4229,0.10651,-0.012845
63326,-59.606,1.0501,0.094658,-0.0449
2750,-21.255,0.49406,0.024614,-0.015072
2899,-23.727,1.0828,0.13394,-0.066789
2379,-38.367,1.7279,0.077757,-0.033266
5963,-19.123,3.2285,0.17486,-0.020237
1297,-11.095,-1.3855,0.098623,-0.030215
1212,-14.685,-1.2222,0.1319,-0.074293
3744,-34.753,1.3523,0.13144,-0.019669
3550,-25.859,2.4893,0.13243,0.0057502
4034,-42.434,-0.57867,0.15046,-0.030256
9232,-26.032,-0.80352,0.11524,-0.014375
20137,-53.231,-2.6818,0.11294,-0.01172
3923,-28.488,0.19979,0.10314,-0.011506
4808,-28.517,1.1717,0.18653,-0.038246
3531,-16.828,-1.3712,0.074941,-0.069149
2639,-18.711,1.1595,0.097096,-0.089017
3568,-27.125,1.5632,0.11161,-0.028938
1645,-9.5273,-0.79748,0.10184,0.011842
1747,-11.395,0.51893,0.066226,-0.053752
3026,-18.758,6.3166,0.18049,-0.1007
8992,-30.044,0.070991,0.13359,-0.007098
4299,-17.859,0.89756,0.1054,-0.029244
3748,-51.608,-0.5648,0.049466,-0.069191
15917,-40.13,4.4118,0.21892,-0.016924
4145,-11.811,0.58389,0.062249,-0.0076592
2497,-9.9882,2.2623,0.12545,0.0014597
4128,-53.525,-0.24965,0.049429,-0.13105
23039,-49.002,2.7094,0.14382,-0.073442
1167,-17.637,0.73183,0.0541,-0.01881
8432,-35.647,1.9825,0.15943,-0.061106
33699,-31.845,0.76742,0.20977,-0.045288
9420,-59.387,2.0247,0.21557,-0.015343
2612,-45.478,2.6826,0.25426,-0.14935
959,-52.705,0.74998,0.075514,-0.01358
12098,-32.79,0.29123,0.27988,-0.031779
4258,-12.591,0.19715,0.02166,-0.0029233
3946,-54.899,7.6056,0.19435,-0.15252
3989,-7.4861,0.088151,0.071748,0.00046244
5169,-64.786,-0.88737,0.1692,-0.22614
7674,-25.928,1.0049,0.37369,-0.022536
2079,-67.654,4.6504,0.21807,-0.1773
18561,-37.289,3.8101,0.4672,-0.037187
4060,-30.808,-3.3357,0.18574,-0.073918
4295,-37.098,4.5067,0.42706,-0.19478
2860,-90.152,3.3047,0.19016,-0.11157
37911,-49.8,1.7564,0.3265,-0.0084616
2115,-65.055,-0.24829,0.091655,-0.11088
1611,-40.101,9.6063,0.39465,-0.13824
7431,-88.947,1.9651,0.080618,-0.054137
1997,-49.489,1.4303,0.24607,-0.020761
1839,-48.369,-0.33427,0.224,-0.13682
7992,-46.592,1.3744,0.40066,-0.15669
1509,-48.103,14.827,0.35869,-0.048458
714.01,-62.532,3.2862,0.076128,-0.23511
65231,-77.035,-4.7444,0.14784,0.077112
37820,-86.771,-3.1306,0.21834,0.072446
39212,-48.776,-0.16063,0.27693,0.045838
59044,-83.598,-3.0587,0.20754,0.11224
80844,-48.941,-3.5598,0.20257,0.11937
67358,-105.05,-4.7958,0.17532,0.11205
55271,-56.254,0.038159,0.23452,0.093684
55042,-82.527,-2.7768,0.14173,0.15533
50555,-61.394,-2.1861,0.19205,0.074227
29953,-118.72,-6.6257,0.16377,0.13237
26435,-34.027,-0.92094,0.29887,0.033656
27296,-84.3,-3.5714,0.2075,0.030634
26395,-54.846,-6.6824,0.18901,0.051093
17299,-57.865,-1.6079,0.27433,0.059481
13085,-41.694,-1.4683,0.31473,0.068159
10682,-40.723,2.4746,0.2249,0.038059
28456,-30.675,2.0774,0.23671,0.034609
16842,-116.94,-5.6196,0.19286,0.18834
42611,-44.457,-0.64261,0.28838,0.026898
19991,-86.822,-0.70249,0.16179,0.058568
25958,-40.003,-2.954,0.20973,0.078744
9363,-32.98,0.46519,0.30734,0.010948
15151,-71.393,-1.7329,0.24102,0.040062
32849,-26.87,0.27747,0.22732,0.073091
14812,-65.434,-3.2043,0.20463,0.04957
22932,-57.328,0.32922,0.26653,0.063549
28149,-86.82,-1.7003,0.20474,0.048729
39381,-80.227,-0.46011,0.15637,0.15317
31672,-36.37,-3.4987,0.21548,0.043345
22524,-71.469,0.79549,0.25286,0.10335
10668,-107.34,2.9424,0.18253,0.18497
6522,-52.307,2.7795,0.23656,0.06306
27161,-63.307,-1.3407,0.18588,0.060752
26534,-96.208,-3.7278,0.21682,0.13133
6984,-108.37,-2.2761,0.1758,0.22821
22293,-88.721,-2.3788,0.14117,0.15116
26447,-56.112,-1.7632,0.21837,0.073211
8145,-133.15,0.68885,0.16014,0.27545
6408,-72.995,-3.4174,0.28432,0.14584
56921,-40.659,3.9107,0.21605,0.094365
26666,-35.214,-0.063472,0.33152,0.08425
18236,-73.113,0.62857,0.22144,0.15373
8891,-55.43,3.4262,0.14455,0.37474
43098,-62.153,0.21009,0.17884,0.08049
12679,-59.811,-4.0638,0.31361,0.055454
24013,-73.147,3.1506,0.24685,0.13811
33460,-92.334,3.923,0.14619,0.10287
30489,-46.374,2.3733,0.18744,0.04824
5683,-82.773,-1.0712,0.22466,0.080493
14765,-101.23,-6.478,0.17821,0.10884
60886,-4.874,1.0436,0.016854,-0.0045825
37106,-46.574,3.1144,0.20633,0.14646
18610,-96.573,2.017,0.23755,0.15333
10321,-68.343,3.1078,0.27125,0.22707
22383,-65.353,1.7656,0.15601,0.10712
8906,-41.964,1.5109,0.058825,0.060006
12207,-39.848,0.057119,0.29513,0.022023
19108,-26.607,-0.77336,0.23727,0.014901
61385,-44.539,2.1183,0.011657,0.030456
21685,-80.634,5.7764,0.15208,0.17541
18991,-50.062,0.42607,0.28937,0.046025
5169,-38.438,1.6441,0.13621,0.058353
23619,-43.1,1.5214,0.18987,0.05836
26210,-62.714,0.82121,0.055503,0.077013
1.2222e+05,-80.181,0.3732,0.14013,-0.008009
3148,-63.406,4.5615,0.24331,0.25619
25116,-32.393,-2.3388,0.10578,0.026992
40589,-65.719,5.4888,0.2368,0.1446
47638,-43.761,4.826,0.30905,0.032061
22990,-59.813,1.2908,0.085874,0.084887
74048,-35.23,4.2515,0.19088,0.073554
37317,-38.598,0.14573,0.12652,0.047752
23596,-45.575,1.4508,-0.021761,0.036739
15790,-69.482,-1.7632,-0.02372,0.063284
1.3237e+05,-16.612,4.0546,0.066383,-0.015172
16734,-65.383,4.1478,0.21806,0.34475
13764,-121.11,7.0236,0.14813,0.30094
5970,-81.353,3.0756,0.19407,0.27556
24926,-30.007,-3.3031,0.0808,-0.015221
34226,-16.893,0.063529,0.013438,-0.0011482
45242,-10.999,-0.42696,0.12805,-0.014091
38883,-5.7949,-0.30898,0.022052,-0.0093555
58226,-11.176,-0.43975,0.082258,-0.016049
19457,-6.5687,0.10123,0.0052307,0.0013029
30100,-6.5401,-0.35574,0.00085187,-0.0062797
43224,-3.0866,-0.1246,0.035868,-0.011786
44023,-4.5197,-0.23712,0.032751,-0.010375
43352,-13.681,-0.28814,0.058142,-0.010292
16568,-5.3067,-0.20383,0.0042137,-0.0026368
17541,-3.5895,-0.17331,0.025212,-0.0035024
24327,-4.0757,-0.027627,0.02694,-0.0056633
25366,-10.22,0.0054267,0.052644,-0.0044998
22803,-9.4139,-0.42946,0.02543,-0.0011048
12080,-12.188,-0.078211,0.10474,-0.0049428
20999,-28.62,-0.29708,0.0041787,-0.0016019
17770,-11.346,-0.35456,0.0084646,0.00086935
18725,-11.924,-0.54763,0.069797,-0.0020664
24443,-13.961,-0.30629,0.0226,-0.0030464
15014,-17.597,-0.024341,0.01507,0.0021509
9539,-11.342,-0.075389,0.023755,-0.0045982
18712,-8.3567,0.13362,0.039885,-0.0024609
25869,-5.3116,-0.16658,0.045159,-0.0072442
15774,-30.569,-0.1602,-0.016905,0.00083359
16625,-9.1809,-0.88764,0.029492,-0.0043018
17705,-10.335,-0.33916,0.0071067,-8.7525e-05
7179,-5.4843,-0.36821,0.0061027,0.00049194
10942,-23.424,-0.0067599,0.10858,-0.000396
8492,-4.4542,0.27717,0.077165,-0.0011009
12685,-6.0317,-0.41764,0.0099437,0.00038433
8375,-5.9156,-0.11994,0.10317,-0.0024115
16272,-12.147,0.28366,0.02385,-0.0028906
15955,-19.069,0.26874,0.03072,-0.008492
13598,-13.441,0.72147,0.048031,0.0025354
12368,-4.4707,-0.20769,0.027246,-0.00069944
21458,-22.469,-1.074,0.11172,-0.006001
8066,-11.91,-0.089946,0.14888,-0.0032574
8141,-8.4077,-0.34757,0.042126,-0.0020092
27433,-10.923,-0.30926,0.027142,-0.0037584
20000,-9.0759,-0.5604,0.066534,-0.0075637
11698,-6.4361,0.32225,0.018145,0.00072702
35114,-6.2054,-0.2054,0.033749,-0.0092472
33322,-7.1487,-0.50818,0.062291,-0.010623
16071,-10.489,0.59012,0.075463,-0.00013513
14380,-8.1149,0.74409,0.029755,-0.0049411
12914,-12.697,0.29351,0.27338,-0.011257
13432,-10.883,0.13549,0.15298,-0.0039516
8090,-5.3208,-0.17494,0.056207,-0.001374
9556,-7.9789,-0.27323,0.063952,-0.0023424
29070,-7.7806,-0.16053,0.026541,-0.0032113
14430,-11.721,-0.18553,0.12564,-0.011862
20022,-15.767,0.71116,0.044982,0.0041095
15860,-29.967,-1.4626,0.069963,-0.00067036
25884,-24.83,-1.2809,0.082516,-0.0056732
16537,-16.895,0.14819,0.040102,-0.00083414
16948,-25.302,0.17615,0.049058,0.0042256
7205,-25.332,0.011584,0.022219,0.009349
8919,-6.9695,-0.44721,0.029727,-0.0033127
9608,-17.278,1.0832,0.075405,0.00052361
8302,-11.022,0.95625,0.043031,0.00036617
10345,-12.864,-0.21977,0.017823,0.0022001
9758,-9.4708,0.14246,0.0068299,-0.001381
13645,-28.787,-1.3912,0.021074,-0.0088658
15042,-18.075,-0.40758,0.065344,-0.0072383
13390,-27.591,0.0015535,0.14601,0.0029702
5154,-35.887,-0.47276,0.24772,-0.012946
7615,-25.808,-1.2757,0.061581,-0.003455
9315,-23.912,-0.20785,0.1452,0.0056553
9208,-21.613,-0.92282,0.050439,-0.0036021
7943,-9.7141,0.13142,0.020501,0.0038182
17481,-6.9336,-1.4755,0.038151,-0.0062049
23924,-18.787,0.14855,0.069421,-0.0089675
14003,-25.317,-0.77402,0.026798,0.0019754
26870,-8.8895,-0.59203,0.034669,-0.0086943
15604,-15.678,-0.77364,0.15997,-0.010481
12004,-12.675,-0.39814,0.070199,-0.006603
16392,-27.675,-0.9565,0.02854,0.0057522
17559,-11.137,-0.72701,0.15296,-0.0094433
8196,-30.854,-0.53826,0.14441,-0.017085
4617,-32.466,-1.7341,0.26886,-0.0018248
7288,-8.0024,0.21734,0.041233,0.003465
9128,-12.827,-0.66203,0.12558,0.003827
45463,-43.498,-1.2415,0.11315,-0.0059455
30240,-14.455,0.52237,0.015577,0.00094244
12849,-32.927,-0.89609,0.37128,0.00083755
5527,-13.404,-0.40422,0.17209,-0.010101
19626,-23.209,-0.46875,0.059448,-0.003538
23446,-8.9852,1.08,0.054513,0.0042152
18755,-5.7816,-0.32642,0.034115,0.0013438
22446,-17.092,-0.36257,0.18606,-0.0078333
4246,-19.134,0.15893,0.13245,-0.0076746
6715,-46.065,0.25209,0.37631,-0.0027682
12768,-17.216,0.15985,0.21917,-0.0036107
4670,-95.228,-1.5178,0.15103,-0.0064201
61495,-27.255,-3.1135,0.067834,-0.016763
19984,-6.1193,-0.35823,0.021564,-0.0015191
27095,-13.467,-0.59987,0.144,-0.0098083
13201,-17.172,-0.30643,0.10787,-0.0018358
16790,-28.78,-1.6901,0.42206,-0.016922
27371,-4.6542,-0.21245,0.0066531,-0.0040722
10821,-36.745,0.41194,0.062882,0.012332
7635,-12.25,-0.47103,0.11885,-0.00089498
11512,-31.32,-0.75079,0.15348,0.0036566
64156,-2.1419,-0.43257,0.098182,-0.021003
30709,-18.235,1.7475,0.083255,-0.0055389
8059,-3.6006,-0.085478,0.013087,0.0010933
5897,-29.772,-0.24919,0.18533,-0.0042531
14417,-4.2445,-0.69596,0.080435,-0.0045115
6887,-11.986,1.2172,0.047185,0.0064408
12047,-157.39,0.17292,0.032498,0.06877
11295,-50.788,-3.4913,0.25798,-0.017449
14199,-13.091,1.4164,0.034637,0.00075177
11609,-20.064,-2.1394,0.043135,-0.0019489
10349,-37.035,2.3434,0.093392,0.0061904
21541,-10.452,-0.26347,0.075723,-0.01245
84244,-4.3911,1.0818,0.1095,-0.027764
6208,-119.42,-0.51118,0.18618,0.0042062
6164,-34.65,-0.57356,0.26511,-0.013196
6037,-33.374,1.8831,0.42092,0.00091158
2854,-120.07,8.4653,0.10933,0.042288
16754,-5.7361,0.040344,0.043271,-0.0018683
4351,-20.129,-0.6691,0.1891,-0.0054921
12955,-27.366,0.19034,0.1518,-0.0022031
8027,-101.36,4.994,-0.039586,0.041634
6723,-40.679,-2.0413,0.029781,0.027554
21872,-20.913,0.60793,0.10183,0.0072399
11113,-22.401,0.5412,0.01891,0.0078031
7172,-23.62,3.3511,0.17174,0.0084226
8081,-22.818,-0.63327,0.22323,-0.0011884
9547,-27.954,-0.61334,0.23679,-0.016955
11613,-13.491,1.5572,0.29185,-0.016914
9870,-23.99,2.0753,0.36383,-0.0035643
7469,-24.511,2.6195,0.23231,-0.010602
4372,-66.627,-0.51373,0.25332,-0.047766
21688,-26.815,-1.7033,0.21079,-0.01614
27202,-59.686,-3.7535,0.13121,-0.013753
7675,-64.756,-0.44047,0.14053,0.02298
14398,-27.322,2.3541,0.17327,0.00015957
7765,-22.559,3.7449,0.51825,-0.016303
2801,-138.78,0.67478,0.31771,-0.0061806
7822,-51.63,0.45089,0.033196,0.016053
20777,-34.318,1.0525,0.45154,-0.014586
13470,-26.029,2.2768,0.44592,-0.017235
6263,-145.83,1.1423,0.34336,0.045651
25671,-16.198,-0.45999,0.037992,-0.0063829
7638,-75.06,8.2451,0.50793,-0.025951
7402,-51.851,3.9153,0.078499,0.023506
9409,-56.852,0.96995,0.3904,-0.00064305
11347,-65.637,2.3734,0.3675,-0.022608
16652,-31.788,0.60593,0.25752,-0.016864
35646,-7.7153,0.33555,0.14152,-0.011801
3126,-152.85,0.48971,0.039721,0.032974
4645,-109.84,-0.15111,0.09532,0.015244
21068,-30.651,-0.077741,0.024847,0.0056446
5670,-191.31,8.9677,0.047683,-0.0061295
18194,-64.869,1.8808,0.0044729,-0.028964
40447,-33.23,-1.1961,0.07364,-0.010836
10095,-32.339,3.04,0.070459,0.044084
6314,-22.747,-0.63892,0.11442,0.0071366
22221,-54.693,0.43025,0.081143,0.0018306
11509,-26.214,0.64042,0.074216,-0.013863
28838,-35.209,0.16445,0.10139,-0.0027313
30567,-44.111,-0.65398,0.099447,-0.022702
40021,-56.085,-0.33308,0.088671,-0.0062036
26589,-55.309,1.3131,0.018774,0.027834
19427,-79.258,1.6006,-0.052886,0.021206
29700,-20.288,0.36695,0.084823,0.00011141
10980,-56.096,0.80069,0.034506,-0.03879
17274,-44.294,0.97693,0.02999,0.012049
34554,-54.605,-0.33216,0.055268,0.0088854
32536,-40.829,0.96721,0.075487,0.021942
16634,-99.699,1.836,0.021575,0.019709
9582,-91.276,-1.3751,-0.027149,-0.0080267
4804,-58.59,-0.51303,0.044567,0.003278
19549,-81.126,5.8226,-0.058999,0.036696
28943,-40.562,1.0501,0.034918,-0.021744
16135,-58.555,-0.52994,0.049336,-0.029267
9679,-66.038,-0.85895,-0.0048377,0.0083977
15702,-38.57,2.4038,0.0054574,0.046623
1.0673e+05,-47.753,-0.99992,0.046875,-0.032586
3259,-56.48,0.29516,0.080373,-0.0067005
18302,-61.024,2.4406,0.017722,0.033559
75093,-59.505,2.0361,0.0059823,0.012195
28740,-49.025,-1.5191,0.0015942,-0.027592
14120,-55.539,-0.8035,0.036054,-0.0022705
20298,-100.39,-1.6617,-0.094792,0.033137
21524,-57.094,0.32724,0.019541,-0.0066428
33451,-55.062,0.28143,-0.010543,-0.0085187
19120,-50.009,-2.2289,0.002755,-0.044
10376,-94.732,-2.1446,-0.049116,-0.011491
35536,-72.76,-1.422,0.03951,0.0021538
10790,-56.983,-0.088822,-0.075742,-0.089306
12666,-97.585,0.54003,-0.015204,-0.064368
15350,-80.96,0.61991,0.014472,0.0091988
45688,-32.198,0.93522,0.079691,-0.12929
3614,-67.647,6.9689,0.013331,-0.20414
12043,-47.142,-0.80663,0.18463,0.002823
3934,-76.67,-2.2642,0.043175,-0.21288
6410,-53.521,-2.209,0.11292,-0.16
8000,-86.425,2.132,0.0032873,0.012383
5333,-104.02,-3.7148,0.071499,0.0029061
18796,-50.629,-3.9589,0.14036,-0.023246
7341,-22.607,-1.1641,0.05567,-0.024995
38910,-55.367,-1.4205,0.1334,-0.0045384
18716,-78.175,-0.91664,0.062972,0.011735
8336,-29.861,-1.054,0.087868,-0.014871
8157,-33.194,-0.91922,0.14422,-0.011842
24463,-40.365,-1.9652,0.066814,-0.004153
22900,-48.457,1.0296,0.10333,0.0061952
10247,-64.718,-0.24187,0.14161,-0.014579
15841,-29.261,-1.5147,0.085289,-0.00015098
13643,-51.955,2.0004,0.036541,0.020908
16082,-54.277,-0.21394,0.16792,0.017261
19043,-37.72,0.11741,0.20464,0.0077517
9196,-34.803,-2.5331,0.13808,-0.025252
15925,-43.4,-1.3268,0.081765,-0.0027037
6025,-66.021,-1.9982,0.10316,-0.033367
7109,-40.167,1.157,0.15879,-0.022445
9206,-32.312,-0.71331,0.13309,-0.020534
10588,-37.014,2.2816,0.017042,-0.00088924
17454,-47.114,-1.4098,0.064195,0.0061651
11985,-36.835,-1.6472,0.21643,-0.033357
11734,-45.771,-2.4738,0.18124,-0.014739
14947,-32.64,0.58568,0.095071,-0.00884
35616,-51.624,-1.5627,0.15532,-0.0095921
22267,-42.577,-2.5394,0.065433,0.012157
7630,-46.681,-0.56714,0.14082,-0.0086839
8881,-50.01,-1.3636,0.023736,-0.072326
18284,-43.178,-2.6576,0.090835,0.00741
27898,-56.208,-1.8839,0.019812,0.010042
17059,-42.807,-2.0011,0.078401,-0.010766
12915,-34.958,-0.73954,0.056342,-0.013739
12587,-34.611,-2.1104,0.19577,-0.035904
20639,-41.797,-1.9712,0.077619,-0.0093751
13883,-56.545,-0.0077871,0.00016472,-0.038842
9688,-50.427,-1.3355,0.11034,-0.015233
8252,-22.173,-1.3102,0.16014,-0.020382
9388,-62.261,-3.7386,0.082205,-0.054483
23485,-45.451,-4.3601,0.039822,-0.030219
25312,-38.64,-0.34043,0.061089,0.004115
26235,-53.484,-1.4112,0.11126,0.001284
9477,-55.555,-2.4477,-0.02695,0.0062013
25943,-48.554,-1.71,0.072563,-0.0064439
11740,-39.539,-2.4406,-0.00011022,0.0095743
13480,-61.814,-1.5912,0.088985,-0.010242
3771,-59.517,-3.4068,0.029268,-0.024559
22474,-36.416,-2.4741,0.033043,-0.020644
24035,-34.915,0.49379,0.10508,0.0019111
20230,-44.752,-1.6741,0.044133,-0.0081323
15857,-45.817,-2.5842,0.035047,-0.0070194
25170,-54.547,-1.3688,0.0039428,-0.037961
16857,-61.777,0.23599,0.044896,0.007712
19369,-53.888,-1.569,0.063322,-0.0079976
32499,-67.19,-3.8173,-0.050516,-0.0030484
29842,-51.648,-3.0555,0.043735,-0.021928
35070,-45.587,-0.44038,0.11476,0.0051085
28920,-38.106,-0.63068,0.11573,0.000262
7813,-57.794,-4.02,-0.038043,-0.033921
16882,-57.783,-0.6087,0.029936,0.0092962
45074,-46.869,-2.6074,0.080759,-0.013386
39806,-40.837,-1.473,0.088028,-0.0098639
10280,-39.196,-4.0971,0.081597,-0.010206
21146,-68.395,-2.5682,0.023543,0.00013599
23781,-33.189,-1.1067,0.097712,-0.0066149
12522,-68.349,-4.3836,0.050056,-0.017818
6960,-56.792,-2.0397,0.024881,-0.016699
31980,-45.179,-3.8216,0.077905,-0.062998
34747,-36.936,-1.4328,0.089197,-0.005933
17582,-71.384,-3.2542,0.061007,-0.017636
15383,-40.94,-3.2607,0.023239,-0.0066161
32635,-47.228,-2.0383,0.053036,-0.0077365
20797,-48.753,-2.7968,0.077795,-0.02953
14982,-68.688,2.4348,0.084651,0.0029804
13573,-77.807,-1.5255,0.041201,-0.016423
5972,-93.942,-0.30493,0.027318,-0.17513
4761,-69.793,0.56345,0.0057583,0.00048731
3504,-55.922,-0.10167,-0.005698,-0.051846
12859,-53.184,-0.022014,0.026302,0.0063912
6937,-53.256,0.6411,0.061624,-0.065647
4001,-72.025,-2.2247,-0.044442,0.018162
4094,-54.89,-0.77039,-0.031607,-0.063243
8413,-47.182,1.8669,0.051741,-0.097611
6415,-72.774,-0.53944,-0.020443,0.040787
2022,-63.249,-0.34648,-0.034743,0.027866
4123,-37.06,3.9439,-0.022394,-0.16904
5938,-34.905,3.234,0.022567,-0.059082
11696,-66.266,10.647,-0.030801,-0.065622
5982,-50.723,-2.5737,0.013416,-0.024234
9197,-58.369,-4.929,-0.042419,-0.15846
5117,-43.452,5.4738,0.0059331,-0.092929
3073,-88.189,-2.3534,-0.092246,-0.058694
6382,-38.768,-1.7626,0.066128,-0.055564
2726,-40.198,2.014,0.03648,-0.046854
14417,-49.626,-1.3987,0.1014,-0.015034
1996,-62.826,-2.1528,0.061535,-0.046347
4547,-60.875,-2.8307,0.064549,-0.0020003
7002,-32.067,-0.093348,0.017618,-0.0312
7004,-64.132,-4.5273,0.06619,-0.046645
6063,-71.331,-1.4552,0.11699,-0.022195
2522,-61.61,-0.69405,0.067939,0.031381
10492,-41.869,-1.5749,0.063494,-0.011826
8399,-41.872,1.3543,0.068948,0.056382
2181,-77.609,-2.631,0.055484,0.054457
8094,-46.108,2.1308,0.027377,-0.001721
8079,-26.149,0.43959,0.015194,-0.011639
3707,-48.693,-0.5511,0.088062,-0.11329
9010,-58.09,-1.1754,0.11491,0.0020665
3847,-74.632,-0.20259,0.060446,0.090749
9198,-47.871,-0.73483,0.10794,-0.12272
4840,-106.63,5.3698,0.13739,-0.16633
6179,-97.809,2.2303,0.24117,-0.1098
14802,-38.49,0.77645,0.06151,0.00493
21618,-26.93,2.3584,0.32162,-0.026616
9552,-21.225,-1.2594,0.071525,-0.0056609
5187,-5.9288,0.30434,0.18697,-0.026327
2957,-20.407,-1.7729,0.22518,-0.038967
3130,-42.263,3.421,0.26036,-0.029607
29936,-47.774,1.1927,0.33113,-0.00087516
4549,-47.014,-1.7097,0.17934,-0.011152
17375,-20.982,-2.5676,0.22151,-0.068854
12980,-33.985,2.4952,0.08532,-0.0010594
9162,-43.548,-0.35572,0.2468,-0.035013
7826,-53.404,-1.9836,0.10672,-0.036903
5720,-25.672,-0.56156,0.18199,-0.20065
8095,-22.849,4.3047,0.30066,-0.035442
4769,-41.171,1.8201,0.17762,-0.0090666
5620,-41.401,-1.4619,0.12039,-0.052144
1522,-45.641,-1.3565,0.086775,-0.15568
2774,-75.415,4.4084,0.064325,-0.53741
3931,-36.186,-2.1696,0.086939,-0.034876
2510,-23.631,-1.5122,0.072161,-0.055017
2516,-17.013,-0.69135,0.061875,-0.0082356
6890,-30.277,0.74691,0.061584,0.0055438
6022,-25.562,-0.24661,0.03362,-0.016719
3576,-57.542,2.1546,-0.029698,0.0008322
2782,-38.202,1.9199,-0.01677,-0.023296
12310,-38.062,8.055,0.017443,-0.003292
2630,-77.095,0.84803,-0.084517,-0.054647
6120,-46.122,-2.1276,0.14084,-0.043007
4541,-39.279,-1.7151,0.0048568,-0.01909
1912,-81.613,0.43255,-0.060472,-0.14163
4946,-25.444,0.43804,0.10338,-0.0070565
6172,-67.523,-1.2706,0.18639,-0.039792
13190,-51.325,-1.211,0.12541,0.0085086
3763,-101.91,2.5626,0.063071,-0.01954
9273,-24.759,-0.0024528,0.21181,-0.0081916
3190,-25.944,0.29916,0.13096,0.019091
19580,-54.114,-2.9473,0.31903,-0.048291
3717,-44.614,-1.3318,0.20887,-0.010978
7438,-31.169,1.3293,0.34532,-0.020797
1.0576e+05,-37.893,-0.78807,0.11182,-0.024556
20701,-51.585,2.5965,-0.0037973,0.0026171
17970,-65.603,-3.444,0.19125,-0.020021
6489,-36.781,1.8318,0.17084,0.018932
16866,-79.971,-0.73267,0.1926,0.011528
11356,-60.904,2.1655,0.17406,-0.013677
21746,-51.755,2.1298,0.18102,-0.014644
23083,-42.51,0.46543,0.10035,-0.010597
45094,-45.512,-4.5244,0.15736,-0.021654
10949,-81.582,-0.53114,0.16856,-0.029132
11942,-63.956,-0.13031,0.16989,0.0014271
5642,-57.65,-2.401,0.22677,-0.021744
8004,-67.833,0.20044,0.19953,0.0045671
15660,-55.069,0.085143,0.13149,0.0070816
4014,-44.319,-1.6699,0.35386,-0.015233
9135,-18.495,0.00049388,0.1535,-0.02446
16207,-50.246,-0.088065,0.075835,0.0050143
21958,-49.668,2.7253,0.086253,0.014654
27480,-49.801,1.6512,0.092122,0.012953
5244,-68.097,-3.5644,0.30294,-0.033699
39111,-60.958,-1.7874,0.10888,0.0052015
37575,-54.469,1.7454,0.13635,0.012212
28730,-46.864,1.5149,0.19966,-0.0049756
11685,-83.686,5.2518,0.11398,0.0060155
41895,-54.366,-1.2359,0.18058,-0.017939
16961,-54.675,1.7837,0.049776,-0.013217
13014,-93.874,11.1,0.15555,0.0010376
11782,-41.866,-0.35077,0.29984,-0.0027397
30943,-57.811,-1.5212,0.19391,-0.014045
42355,-38.174,0.32885,0.19653,-0.011152
17198,-55.001,4.1555,0.23432,0.0057473
11785,-82.791,-0.60953,0.19721,-0.02068
55604,-36.543,-0.843,0.18357,-0.011606
23823,-52.491,1.158,0.20251,0.0058817
20493,-80.7,0.64494,0.21694,-0.025596
11255,-55.312,-2.6862,0.29223,-0.035218
20678,-59.389,-4.4621,0.16039,-0.022934
23542,-47.261,-1.2938,0.18882,-0.047547
8003,-52.072,4.2887,0.24462,-0.018906
0,0,0,0,0
0,0,0,0,0
0,0,0,0,0
0,0,0,0,0
0,0,0,0,0
0,0,0,0,0
0,0,0,0,0
0,0,0,0,0
12700,-45.867,0.43446,0.17021,-0.014568
6852,-45.915,2.8481,0.19509,0.0032659
27515,-52.139,1.5221,0.13154,0.015974
11225,-55.498,0.65471,0.055416,0.0092752
27230,-62.388,-0.32579,0.10319,-0.026196
11781,-77.412,5.9114,0.012894,-0.026119
20142,-116.11,4.7214,-0.084656,-0.0089607
35402,-49.578,-0.68783,0.096375,-0.011792
33803,-58.161,-0.3591,0.065819,-0.015563
16840,-67.178,3.6215,-0.038666,0.033651
21852,-27.222,-0.33366,0.29474,-0.0092746
5904,-96.378,-3.2186,0.035187,-0.10129
21592,-61.713,-3.5572,0.073202,-0.058978
17704,-74.503,1.9176,0.034554,0.00016101
13546,-38.068,0.87166,0.19255,-0.0058211
8942,-40.071,-0.61618,0.039468,-0.003538
9510,-56.24,-0.89431,0.079992,-0.1022
30955,-72.727,-0.12702,0.081531,-0.011328
25851,-81.401,1.0934,0.10099,-0.019314
9006,-70.619,0.12978,0.17303,0.0057955
21605,-44.821,-1.1075,0.07757,-0.0062429
25860,-61.995,1.0187,-0.017382,0.0095699
7258,-73.622,1.7962,-0.0024909,-0.078803
5481,-46.005,-1.7525,-0.0099357,-0.027549
19736,-64.155,1.2738,0.027094,0.013834
12825,-45.342,-1.4007,0.074444,-0.015503
12035,-49.877,-1.1302,-0.036552,-0.026773
8966,-51.027,2.0582,0.065706,-0.01168
44516,-37.149,0.29118,0.060819,-0.0035097
20838,-28.215,1.2088,0.081311,0.005884
31757,-45.245,2.0519,0.092747,0.01015
8336,-79.098,-1.1293,0.059324,-0.043584
19427,-40.5,-0.95568,0.16813,-0.014614
36859,-61.449,3.2586,0.10141,0.015639
10300,-73.842,1.3356,0.05991,-0.011819
10601,-64.556,-3.0191,0.038327,-0.092296
14483,-43.029,1.0484,0.097876,0.013545
7900,-95.712,-1.0118,-0.015441,-0.15481
14947,-48.742,1.4306,0.15984,-0.021457
41232,-55.557,3.618,0.036226,-0.13453
37476,-21.31,3.446,0.11644,-0.063286
60500,-34.708,-1.1069,0.016655,-0.080938
38391,-49.38,0.10856,0.10329,-0.06168
30421,-53.377,0.3894,0.15743,-0.074658
42993,-17.103,1.7832,0.23453,-0.067925
16389,-49.202,-0.88395,0.17434,-0.041473
39191,-22.791,0.054321,0.065955,-0.040416
39214,-37.668,-1.0507,0.25053,-0.073824
21477,-16.414,-1.0112,0.30573,-0.052273
13055,-14.064,-2.0086,0.20783,-0.089715
4285,-30.136,0.11309,0.21464,-0.066593
20518,-31.268,-0.33958,0.22869,-0.043635
15227,-15.441,-1.1156,0.29923,-0.061207
12360,-20.904,-0.80487,0.1645,-0.050427
3888,-16.231,-0.86082,0.0085822,-0.0074491
5268,-23.174,-1.6809,0.1735,-0.076526
14190,-12.903,-2.2674,0.23886,-0.13542
17699,-13.588,-1.5455,0.19795,-0.10146
7838,-59.438,-0.45146,0.037913,-0.0059362
24809,-56.14,-0.39495,0.00050923,-0.0074163
18474,-11.016,-0.65826,0.21063,-0.039496
11922,-14.704,-1.1797,0.18303,-0.042046
6229,-21.772,-1.2503,-0.0074394,-0.014305
17493,-31.28,0.96116,0.16809,-0.031278
16510,-25.082,0.6163,0.17852,-0.05894
13699,-21.995,-2.9734,0.12794,-0.11969
7885,-25.681,0.50952,0.11595,-0.086213
27165,-32.088,0.61227,0.11768,-0.025409
12113,-16.631,1.6038,0.13033,-0.088638
6553,-39.995,-4.3114,0.063786,-0.14252
5811,-43.706,0.034609,-0.016256,-0.024441
4561,-56.946,-2.4886,0.066091,-0.033095
16919,-10.515,1.2175,0.13498,-0.050841
15599,-16.317,-2.3781,0.0092721,-0.094255
7130,-49.197,-3.4833,0.023059,-0.085845
23881,-53.161,-0.9152,0.044039,-0.084474
6174,-22.411,-0.22839,0.021939,-0.090551
10089,-30.506,-1.1818,0.036423,-0.063669
5781,-49.454,0.069696,-0.00045778,-0.067664
13469,-67.882,1.9723,0.10441,-0.016915
16135,-31.519,-2.4233,0.078771,-0.072111
4289,-29.473,0.123,0.094467,-0.013824
6432,-45.956,-2.4977,0.072364,-0.0833
23592,-33.282,1.0174,0.0064103,-0.026259
6270,-24.561,-0.7297,0.037203,-0.12325
3283,-59.533,-2.1895,0.089148,-0.087737
2471,-47.789,-2.9801,0.076526,-0.062586
10639,-31.51,0.99231,0.030877,-0.098771
11067,-24.322,-1.2698,-0.023291,-0.1446
3102,-55.036,-2.4648,0.079888,-0.037903
21811,-45.61,-3.244,0.11787,-0.031212
21584,-19.867,2.9045,0.07375,-0.059472
21114,-15.492,-2.5612,0.12485,-0.075282
3323,-36.825,-1.3378,0.10352,-0.037442
15443,-67.293,-2.2931,0.15046,-0.037188
20363,-27.772,-1.4418,0.17626,-0.04015
17345,-38.714,-2.155,0.040135,-0.05542
10601,-49.325,-1.8148,0.064949,-0.033101
16711,-50.201,-0.27211,0.16549,-0.029196
16916,-27.546,-0.70249,0.073535,-0.067624
12666,-35.3,-2.8077,0.086697,-0.10345
2982,-25.184,-1.409,0.074007,-0.02623
40948,-25.355,1.1469,0.26366,-0.021164
11604,-64.205,-5.8859,0.12149,-0.10352
14237,-18.838,-1.2345,0.0848,-0.049294
2411,-26.742,-0.90419,0.11529,-0.050924
30414,-51.654,-2.4279,0.11253,-0.06787
23775,-16.831,-1.3531,0.095213,-0.075208
5883,-22.75,-2.8287,0.065968,-0.071905
19813,-38.82,1.1037,0.13066,-0.024027
18394,-19.978,-1.7975,0.13113,-0.051137
16350,-65.821,-1.0785,0.069363,-0.054495
19231,-44.551,-3.0507,0.010907,-0.10464
4823,-13.491,-1.4395,0.11204,-0.031008
10117,-37.653,-4.7306,0.24696,-0.053421
7075,-38.461,-3.5052,0.09437,-0.088431
16929,-26.861,-2.098,0.10373,-0.06637
12531,-30.772,-1.9884,0.10357,-0.0073152
7463,-16.504,-0.69453,0.12989,-0.019207
4853,-32.466,-0.42122,0.072685,-0.0039241
12389,-29.393,-0.4675,0.033768,-0.0063841
7975,-30.183,0.68966,0.037089,0.0085519
8052,-17.266,0.32711,0.099511,-0.013835
6979,-23.144,0.1696,0.023525,0.0059533
6032,-10.37,0.61365,0.027855,0.010551
5560,-25.345,0.31793,0.049933,-0.0030027
5329,-11.22,0.28582,0.13098,-0.0066706
4884,-21.199,0.066425,0.094464,-0.0006113
4854,-11.839,0.58621,0.060331,0.01144
5907,-15.325,0.16152,0.10433,-0.0037653
4141,-19.723,0.52407,0.18521,-0.022359
5854,-27.053,0.91683,0.11519,-0.0056306
3254,-10.554,0.1616,0.016701,0.0090084
6622,-16.981,-0.17442,0.010933,-0.0034832
3526,-9.6301,1.8654,0.13321,0.0099676
8242,-20.925,0.77114,0.063728,0.0062651
3641,-20.21,0.70175,0.042514,0.007978
2995,-63.746,2.8068,0.013411,0.011804
4020,-17.49,1.2456,0.08466,-0.0078441
3107,-16.267,0.0106,0.039815,0.0024392
3861,-32.647,0.13515,0.11307,-0.012709
3904,-17.451,0.93378,0.10419,-0.025687
6666,-12.643,-0.41891,0.14953,-0.010006
5574,-41.004,1.2625,0.019605,0.01043
5181,-28.416,-0.35709,0.14223,-0.011601
5512,-17.744,0.15386,0.043628,0.0063869
6235,-14.28,0.17908,0.12568,-0.012662
3984,-21.494,-0.097837,0.06336,0.0055695
3926,-27.951,-0.19802,0.062051,-0.00206
4296,-29.686,-0.28581,0.084252,-0.021057
4485,-12.343,-0.36094,0.12874,-0.026642
4643,-21.836,-0.13143,0.088555,-0.0015673
4581,-37.353,-0.18515,0.015243,0.020672
3605,-42.268,0.70366,0.071877,-0.010799
4771,-32.816,-1.0509,0.095621,-0.028626
4877,-13.676,-0.6303,0.0081817,0.00037523
2944,-35.079,-1.9695,0.042621,-0.030125
2665,-35.61,-0.66551,0.11672,-0.035357
4921,-46.281,-1.2591,0.020133,0.013461
5672,-31.901,-0.97138,0.0056482,0.0005173
3845,-20.535,-0.052401,0.066458,-0.021218
3622,-29.562,-0.56812,0.13438,-0.011214
5173,-60.33,-0.28855,-0.0011117,0.014575
5848,-63.477,1.1339,-0.029814,0.043343
4428,-27.937,-1.1649,0.021698,-0.014949
4704,-48.309,0.082869,0.073608,0.0083448
5666,-11.704,-0.84657,0.067991,-0.0003969
5167,-32.711,0.076211,0.051342,0.0097714
3572,-15.519,-0.037888,0.095065,-0.0018506
3377,-8.0258,0.2015,0.11753,-0.020166
4103,-31.965,0.2095,0.047519,0.013941
4577,-19.096,-0.46539,0.016484,-0.0031842
3850,-17.477,-0.56719,0.071517,-0.00061222
2803,-7.0987,0.026486,0.11586,-0.0094836
3068,-23.379,-0.47475,0.050542,0.0059199
3986,-54.637,-0.54922,0.014352,0.024089
4285,-47.076,0.88191,0.076265,0.0028073
3095,-35.109,0.78098,0.096421,-0.0024006
4144,-4.7713,-0.24518,0.10875,-0.0025501
4152,-6.4549,0.10484,0.12456,-6.1031e-05
3990,-13.01,0.064626,0.086443,0.0017168
3693,-10.343,0.29287,0.14533,-0.005653
3545,-42.087,0.050532,0.083726,0.019111
3301,-62.05,-2.2289,-0.021033,0.0077968
3655,-20.335,0.262,0.13805,-0.010348
3644,-30.626,-0.27147,0.13324,-0.0097058
3801,-47.394,-1.2188,0.0362,0.016048
3837,-55.929,-0.7258,0.060589,0.02685
3021,-7.788,0.01668,0.15235,0.00090804
6759,-32.079,-0.65746,0.18764,-0.012112
3664,-31.997,-0.10575,0.095978,0.015173
3353,-26.381,0.91718,0.1641,0.012891
3692,-17.098,-0.18782,0.15689,0.0018743
5047,-4.7394,-0.178,0.14569,-0.006076
4144,-42.16,-0.51127,0.082305,0.016551
11973,-20.78,0.50753,0.13813,-0.026614
33291,-41.266,1.8703,0.073353,-0.14716
4266,-91.705,2.7854,0.019042,-0.095234
17239,-77.904,-0.82476,-0.0059352,-0.023956
7921,-41.842,-0.24064,0.13911,-0.092101
14139,-38.317,0.27565,0.11017,-0.037306
28494,-68.304,0.43167,0.12273,0.00095324
4786,-70.643,4.2381,-0.004233,-0.063526
7659,-19.905,0.15995,0.12508,-0.071321
11536,-66.921,0.69926,0.027289,-0.25721
21052,-88.851,-0.85325,0.11889,-0.046071
10464,-60.78,-2.1182,0.11722,-0.04508
10192,-58.015,3.3316,0.071623,-0.13203
31658,-34.952,-0.9458,0.13374,-0.021446
20163,-47.866,-0.78518,0.29427,-0.0026618
18582,-15.03,-0.59612,0.13844,-0.02416
7344,-63.641,5.64,0.084685,-0.38499
11583,-36.586,0.042925,0.15678,-0.19098
13052,-80.237,1.2485,0.11278,-0.080785
10490,-50.677,-3.6807,0.20145,-0.050237
9711,-54.82,-0.12153,0.12631,-0.068177
6191,-37.651,2.0679,0.13762,-0.15174
8334,-39.273,1.6133,0.19243,-0.030929
5475,-61.561,3.7587,0.1214,-0.31596
18709,-41.139,-0.81203,0.12746,-0.00056999
5997,-44.945,1.1415,0.12997,-0.03147
7882,-61.88,3.2623,0.14406,-0.1845
10092,-38.996,-0.90668,0.14394,-0.041302
12862,-31.858,1.4351,0.12438,-0.3498
11348,-37.349,2.3747,0.18319,-0.11971
8476,-62.728,-1.4373,0.19447,-0.015028
12454,-58.973,0.57509,0.13757,-0.1426
9645,-34.372,0.56933,0.16494,-0.14816
9327,-31.017,-0.94259,0.20324,-0.04779
5405,-111.24,3.2384,0.090597,-0.27337
11312,-35.15,0.032344,0.16016,-0.027341
9897,-62.098,2.7672,0.1595,-0.13244
8658,-43.03,3.4316,0.13916,-0.12839
23227,-56.92,4.2126,0.15098,-0.042392
17956,-29.158,-2.2238,0.035659,-0.017951
40599,-19.35,-6.0746,0.15191,-0.015149
24837,-20.497,-1.4057,0.27137,-0.021453
61044,-35.967,-2.4375,0.082387,-0.028051
23764,-27.77,0.0088696,0.069385,-0.024988
1.2593e+05,-11.371,1.3287,0.089197,-0.034721
34202,-55.612,-2.9741,0.20805,-0.033201
26139,-46.268,-2.7367,0.1108,-0.064161
6055,-54.529,0.93067,0.049498,-0.1283
13670,-44.46,-8.0718,0.16647,-0.15918
10293,-75.219,-6.8734,0.13565,-0.18117
11317,-57.972,-1.852,0.02193,-0.13077
14839,-28.871,-0.69915,0.087951,-0.21528
19294,-43.626,-5.2864,0.19146,-0.074621
14042,-119.15,-6.195,0.11335,-0.21481
15745,-40.712,-1.8163,0.16024,-0.23832
45071,-19.086,-1.4585,0.060913,-0.025487
25163,-41.18,-5.4751,0.22891,-0.052732
7557,-30.193,-1.0305,0.23596,-0.022822
11003,-35.056,-4.9055,0.11232,-0.057544
7622,-37.807,-2.7426,0.033086,-0.021415
31752,-39.08,-5.0403,0.11267,-0.032473
26969,-51.933,-0.4458,0.13268,-0.054102
14273,-49.975,-2.5288,0.093927,-0.022243
6878,-37.554,-3.1791,-0.0058018,-0.05365
6482,-44.122,-3.6575,0.11114,-0.02859
13956,-42.174,0.028214,0.16394,-0.038029
14453,-48.799,-3.2288,0.11812,-0.055811
11466,-33.345,1.3114,0.056987,-0.015855
6948,-66.966,-4.4156,0.098579,-0.095326
20217,-38.325,-0.074207,0.2244,-0.0040461
10444,-25.081,-1.3464,0.17789,-0.013854
8818,-31.913,-0.020625,0.12395,-0.017078
6292,-46.87,-4.2007,0.075473,-0.058606
14926,-41.483,-2.176,0.15469,-0.029917
11131,-43.497,-1.4409,0.074363,-0.034997
14503,-51.778,1.0064,-0.02091,0.018388
4656,-45.015,-1.74,0.098583,-0.10457
31595,-45.202,-1.6043,0.064663,-0.04653
7301,-11.314,0.0422,0.13387,0.0018196
11992,-4.1056,-0.14054,0.016654,-0.0017822
11679,-4.0844,-0.39152,0.0010178,-0.00091321
4787,-5.339,-0.0015048,0.00871,0.0035071
4870,-4.983,0.25439,0.017972,0.0031484
8385,-4.8574,0.020391,0.021852,0.0010916
8242,-4.2102,0.27987,0.021592,0.0012636
4963,-6.6468,-0.20806,0.017751,0.002675
4856,-4.7592,0.0078812,0.10459,-0.0010007
5049,-6.9094,0.038333,0.084981,0.00090967
5436,-7.0465,-0.39931,0.07539,0.001073
5549,-4.5653,-0.11048,0.0051807,0.0018326
4900,-6.3835,-0.39121,0.054408,0.0010173
8445,-6.8368,-0.25987,0.15473,-0.0049923
9420,-4.7647,-0.19252,0.040322,-0.0014715
4717,-9.2346,0.00093896,0.048115,0.0036331
6012,-4.5667,-0.35864,0.033502,-0.00032086
5256,-5.4352,0.18703,0.11245,0.0026159
5947,-8.9003,-0.55189,0.13525,-0.0052472
7315,-7.3393,0.32237,0.14506,-0.00231
6142,-5.9269,-0.31716,0.053195,0.00013063
5830,-4.2367,0.146,0.18428,-0.0057658
6404,-4.0059,-0.12982,0.07137,0.001823
6555,-4.0352,-0.28622,0.042442,0.00056976
0,0,0,0,0
0,0,0,0,0
0,0,0,0,0
0,0,0,0,0
0,0,0,0,0
0,0,0,0,0
0,0,0,0,0
0,0,0,0,0
0,0,0,0,0
0,0,0,0,0
0,0,0,0,0
0,0,0,0,0
0,0,0,0,0
0,0,0,0,0
0,0,0,0,0
1911,-55.214,-0.31625,0.082503,-0.0011499
2155,-16.346,-0.056827,0.15697,0.0050708
3142,-21.332,-0.94273,0.17552,0.017748
3617,-57.603,-2.3157,0.19242,0.033164
6423,-50.019,0.063308,0.15259,0.018088
5328,-36.134,-0.66306,0.25233,0.018843
4147,-12.988,-0.55928,0.25245,-0.0010723
4361,-8.5075,-0.42608,0.19472,-0.0036121
7756,-20.146,-0.84274,0.23234,0.004087
9310,-4.2045,0.097405,0.16286,-0.0049951
6384,-19.642,-0.9666,0.12526,0.0082962
6710,-25.447,-1.0552,0.13362,0.0099671
7488,-27.512,-0.39594,0.15126,0.0088683
7976,-16.475,0.21507,0.18608,0.0035359
6663,-14.809,-0.39052,0.1779,0.0095252
7219,-23.775,-0.65108,0.19656,0.00051613
12464,-5.1232,-0.34139,0.0503,-0.0018543
9144,-8.3634,-0.59275,0.16574,-0.0039875
5766,-8.564,-0.42149,0.1124,0.0096908
6666,-4.388,0.27088,0.10248,0.0059831
6735,-28.452,-0.91351,0.18186,0.00067172
4739,-40.312,0.45696,0.15915,0.013282
4047,-22.719,-0.55446,0.17895,0.0031971
3739,-11.263,0.090791,0.1895,0.001517
3753,-19.166,-0.53153,0.25715,0.0048485
7009,-14.996,-0.70403,0.18263,0.0015525
3807,-14.244,-1.2053,0.19738,0.0046134
4228,-5.6354,-1.0703,0.13047,-0.0020318
8932,-21.332,-0.5753,0.25266,-0.0044322
8024,-11.876,0.34855,0.22154,-0.0014115
5065,-7.3928,-0.032107,0.092497,0.0051325
8854,-11.45,0.23334,0.14465,0.0028158
4188,-12.377,0.20036,0.17324,-0.0029234
2516,-16.796,-0.40649,0.093803,0.0082327
3480,-15.901,-1.576,0.064221,0.012065
4416,-31.379,1.22,0.13654,0.01808
4061,-16.975,-0.43443,0.17643,0.00035758
7456,-10.585,-0.57189,0.17059,-0.0062826
8257,-21.146,-1.9823,0.20499,-0.018256
7159,-53.06,-2.168,0.1854,-0.0037589
5081,-60.739,-0.10803,0.13765,0.0055759
2958,-55.923,2.5847,0.29403,-0.014824
6079,-52.086,-2.5322,0.27022,-0.0097341
6632,-51.85,-3.3382,0.32292,-0.027249
3957,-48.532,-1.0473,0.32769,-0.016707
4881,-46.272,-2.0718,0.33913,-0.015889
3400,-28.37,-1.7689,0.37719,-0.014797
5416,-55.465,-2.0246,0.28387,-0.0065097
4327,-20.787,-1.1161,0.409,-0.022197
4714,-22.343,-1.2957,0.38465,-0.021374
6624,-37.218,-0.67444,0.31719,-0.0098903
5911,-39.097,-3.0817,0.28427,-0.0257
5601,-26.427,-1.0113,0.38718,-0.025608
5007,-32.216,-1.4475,0.33003,-0.02021
10168,-62.308,-5.0493,0.30038,-0.017375
7635,-69.338,-1.6681,0.24399,0.012869
4672,-32.784,-0.8635,0.32523,-0.038073
5147,-7.374,-0.78114,0.38163,-0.019964
13799,-54.301,0.18382,0.27185,-0.0072805
6500,-44.246,-1.3153,0.34694,-0.012725
9675,-40.344,-1.8357,0.32808,-0.023956
4430,-20.07,-1.1362,0.38364,-0.014638
4317,-19.856,-1.3518,0.31715,-0.033614
8829,-57.865,-2.4227,0.23355,-0.0089329
6133,-49.647,-2.7442,0.27556,-0.012141
3319,-18.471,-2.0845,0.34681,-0.026846
3495,-20.361,-1.8009,0.34136,-0.042389
8735,-19.314,-0.73273,0.29842,-0.021823
4478,-77.794,-0.93651,0.19589,-0.0088996
4051,-54.911,0.29117,0.20869,0.017878
3869,-25.146,-1.8737,0.25951,-0.018654
4120,-28.063,-0.47974,0.2863,-0.0076775
4387,-34.98,-0.46172,0.32346,-0.0094311
4684,-15.241,-0.59173,0.38842,-0.028631
3212,-49.14,-0.12252,0.36291,-0.0246
7059,-51.054,-0.95024,0.15154,0.0044712
3951,-11.19,-0.71906,0.32054,-0.024327
4158,-14.625,-0.36614,0.16293,-0.0071267
5038,-37.477,-1.185,0.22721,-0.0080497
3942,-12.653,-0.49173,0.34839,-0.013058
5374,-17.436,-0.59153,0.38551,-0.014748
4699,-14.397,-0.70378,0.31478,-0.01255
3356,-21.801,-0.91727,0.345,-0.018158
4197,-51.968,-0.50656,0.28826,-0.013018
3480,-16.415,0.19822,0.3393,-0.0068256
5111,-17.777,-2.8167,0.30051,-0.020409
7219,-63.934,-1.8045,0.2429,0.0047092
7875,-85.887,-2.0483,0.28416,-0.009083
4235,-49.379,-1.8727,0.22057,0.0074643
3874,-66.14,-3.3208,0.2049,-0.010342
4580,-57.534,-1.4344,0.26043,-0.0058392
2345,-111.79,-0.72136,0.20932,-0.027133
4283,-24.169,-2.7634,0.30783,-0.049738
6564,-54.851,-1.1979,0.23333,0.0020438
5097,-39.4,-2.2456,0.27159,-0.0054667
2980,-26.167,-0.76789,0.35586,-0.0082772
8297,-25.249,-2.2956,0.34007,-0.010199
4233,-77.138,-1.8335,0.2004,0.012895
8051,-58.059,-2.7417,0.25787,-0.022198
7517,-75.405,-1.5754,0.26166,-0.0029599
3504,-25.375,-0.44061,0.27996,-0.0036704
4413,-43.232,-4.0269,0.26347,-0.02231
3583,-46.709,-0.95862,0.29548,-0.018604
4719,-39.083,-1.961,0.37809,-0.01945
3631,-26.712,-1.9609,0.31187,-0.021126
3774,-80.405,-1.7918,0.27468,-0.0079526
4695,-45.313,-2.3076,0.33569,-0.022662
4926,-64.369,-0.60178,0.28968,0.011924
3645,-91.406,-2.7449,0.25282,0.0040626
4688,-58.187,1.3061,0.19699,0.021791
5580,-101.75,-3.7413,0.2193,-0.0039311
4057,-31.985,-1.6037,0.37249,-0.021895
4070,-54.407,-3.5452,0.24978,-0.020417
5616,-34.022,-4.1923,0.30145,-0.043756
6320,-63.177,-1.4219,0.22821,-0.0011267
5672,-59.51,-2.0866,0.29184,-0.011172
4705,-98.467,-0.53673,0.18178,0.0041196
5048,-35.149,2.6641,0.19035,-0.017427
2980,-27.891,2.1426,0.19229,-0.015547
7452,-31.888,2.2554,0.30177,-0.038974
5203,-62.216,-1.1303,0.20425,-0.038228
6233,-39.932,4.0953,0.031039,-0.019212
8772,-33.329,2.7077,0.17964,-0.02137
6802,-23.341,0.38538,0.30816,-0.033112
4134,-27.639,0.77616,0.26055,-0.039173
6843,-26.175,3.842,0.2209,-0.025223
3050,-19.16,0.96589,0.10017,-0.024751
6635,-36.843,0.83168,0.29047,-0.032943
6053,-31.938,3.4682,0.072134,0.0092253
7558,-37.976,2.0678,0.19456,-0.019404
4073,-25.292,0.12477,0.057289,0.0003052
5261,-30.422,1.1131,0.31314,-0.028564
3132,-31.866,2.8006,0.077537,0.0043595
3655,-23.485,3.902,0.22529,-0.056643
3154,-39.298,0.46628,0.04021,-0.0099959
4239,-31.123,0.84733,0.090699,-0.012865
6059,-41.549,1.8815,0.22112,-0.0091995
2967,-32.182,5.1707,0.22822,-0.045769
2928,-27.154,-0.095879,0.18359,-0.033771
3943,-26.88,-0.74394,0.07578,0.00034984
2597,-14.792,1.8755,0.28004,-0.016458
4990,-34.568,1.9233,0.1654,-0.03407
3468,-28.453,1.1677,0.13925,-0.022775
3368,-28.283,3.8264,0.30067,0.0054725
2838,-49.623,0.43129,0.2022,-0.0032883
3285,-32.515,-0.11506,0.11252,-0.031795
3560,-37.1,0.62804,0.10579,-0.011781
3692,-24.208,-0.60976,0.25435,-0.01868
3729,-19.679,1.117,0.087473,-0.00041806
4971,-29.571,1.6565,0.17489,-0.023229
3537,-28.381,-0.23703,0.15618,-0.025504
3030,-28.853,1.7539,0.23107,-0.00036682
2648,-20.805,-0.59217,0.28956,-0.027788
2903,-26.486,2.321,0.085571,-0.028332
2626,-29.017,1.5617,0.13255,-0.024264
3065,-32.002,-0.23296,0.22063,-0.014591
1920,-55.714,6.2714,0.12999,-0.10567
4692,-33.35,-1.2785,0.18468,-0.018886
6056,-48.308,-4.0356,0.29183,-0.081574
2523,-19.445,-0.66561,0.29195,-0.028026
7922,-84.486,1.9739,0.11008,-0.0037596
3553,-41.807,-0.88269,0.23529,-0.061629
4696,-52.316,-3.8222,0.33554,-0.045958
2118,-46.31,5.1673,0.24304,0.0094379
2628,-90.731,2.2938,0.16199,-0.047419
4507,-42.223,2.6776,0.23567,-0.046348
4497,-46.392,3.4886,0.32145,-0.030255
2106,-60.483,1.2604,0.24159,-0.0016137
4856,-103.26,4.2965,0.097111,-0.064833
5341,-35.751,0.28082,0.2363,-0.042858
4147,-46.422,3.5487,0.32064,-0.023444
3801,-72.712,3.9531,0.18354,-0.01297
2464,-89.158,8.2872,0.11027,-0.031153
5621,-34.859,1.3584,0.22759,-0.057146
4722,-48.484,8.5818,0.31562,-0.03586
3893,-79.63,0.2514,0.15813,-0.02487
7164,-68.997,2.3676,0.14567,-0.063532
9349,-45.831,-0.29715,0.093535,0.00013338
5580,-51.867,0.53182,0.28048,-0.044027
4101,-64.365,0.33211,0.18352,-0.017723
4994,-105.11,1.768,0.10754,-0.044886
4785,-20.127,1.5831,0.21829,-0.02075
6449,-46.851,6.8016,0.26969,-0.0049978
7759,-38.983,-0.32239,0.1345,-0.011099
6093,-109.63,2.9526,0.072796,-0.053936
4939,-89.84,-2.5595,0.088877,-0.019411
6300,-75.562,4.794,0.18657,0.00015475
2558,-40.023,1.2026,0.034769,0.024548
8394,-120.43,-0.58104,0.029684,-0.031012
4069,-22.089,-1.2005,0.25842,-0.026295
3309,-17.359,3.1825,0.050326,-0.021804
1969,-22.305,-1.6495,0.29285,0.036014
3701,-35.701,-0.47554,0.25602,-0.046762
2941,-25.082,0.31138,0.25172,-0.032869
2984,-42.089,-0.014583,0.11104,-0.012665
0,0,0,0,0
96976,-40.304,-4.6105,0.055795,-0.16967
39054,-44.957,3.5862,0.15659,-0.055444
28929,-57.044,0.67054,0.16741,-0.041689
30056,-85.244,1.1758,0.092774,-0.020686
27210,-67.652,-3.0325,-0.021164,-0.11553
49170,-46.008,4.2354,0.20498,-0.024355
27756,-31.855,0.27444,0.018072,0.0040339
18643,-55.095,1.0968,0.026583,-0.0058409
10897,-44.671,-1.0544,0.0023926,-0.058769
10244,-49.779,2.6458,0.14293,-0.018738
14090,-56.907,1.6756,0.093965,-0.010411
11054,-56.614,0.38628,0.019503,-0.014509
10980,-61.793,-2.3814,-0.012704,-0.071181
28301,-41.523,5.3463,0.10547,-0.020864
38011,-44.939,2.3947,0.020173,0.0042739
17591,-52.035,3.2032,-0.0022162,-0.0051257
38261,-45.972,-0.87053,-0.018897,-0.04604
21978,-31.967,4.2817,0.070661,0.0027166
23726,-46.882,0.90079,0.010927,-0.016313
18330,-47.967,1.3931,0.022401,-0.040519
26063,-67.63,0.68232,-0.0068458,-0.015094
13839,-60.13,2.9369,0.0234,-0.032328
7050,-98.264,4.9455,0.0015547,-0.034299
7941,-61.877,3.4492,0.028917,-0.014985
24218,-38.174,0.6941,-0.010476,-0.026904
14366,-49.006,1.0489,0.075175,0.0053257
18329,-84.527,1.8271,0.12456,-0.040616
16400,-58.497,0.035392,0.13843,-0.073057
13259,-41.905,-1.1577,0.06034,-0.027771
19850,-47.557,3.281,-0.015061,0.0012392
9176,-46.301,0.50769,0.20577,-0.018356
10290,-79.39,-0.1257,0.18488,-0.043707
13140,-62.513,-3.9774,0.081669,-0.089486
7344,-54.738,1.5264,0.21,-0.031944
14932,-58.97,-0.35291,0.26137,-0.032446
7058,-80.018,-0.14771,0.20478,-0.074408
25472,-58.177,-2.268,0.094738,-0.0089615
16990,-40.414,2.8812,0.26967,-0.054798
13159,-33.102,-2.2715,0.35982,-0.055232
5989,-73.958,-0.58898,0.11944,-0.14792
21663,-54.89,4.3937,0.14753,-0.032562
12603,-88.141,1.0927,0.17578,-0.039809
9006,-53.81,2.1414,0.16569,-0.01725
3597,-71.995,2.1816,0.084443,-0.023494
18621,-43.528,1.7759,0.15942,0.0093943
12823,-86.963,0.45512,0.15887,-0.0178
18143,-62.194,0.047738,0.099355,0.0016101
23254,-57.863,-3.3027,0.11826,-0.085453
28546,-51.11,3.5421,0.20997,0.001175
10926,-90.837,0.44964,0.18716,-0.034375
10694,-56.69,0.47797,0.17695,-0.041701
6467,-47.479,-1.0216,0.13231,-0.038109
8555,-42.5,-2.8737,0.22618,-0.048475
15079,-47.364,4.578,0.24915,-0.019334
19207,-61.169,-3.2762,0.18771,-0.057221
18703,-35.958,-4.2629,0.15105,-0.074074
27482,-44.718,4.4805,0.20772,-0.012272
15023,-62.253,-1.935,0.25553,-0.0583
12025,-41.163,-1.6519,0.23434,-0.065118
22344,-52.687,-2.8514,0.045684,-0.059198
43359,-32.169,-2.2928,0.21916,-0.054519
26820,-96.369,-3.1657,0.16648,-0.074491
20058,-46.941,1.7288,0.082636,0.0076167
9867,-52.826,-5.2787,0.10208,-0.080554
25526,-44.5,-0.33637,0.2242,-0.053623
16258,-65.024,1.1525,0.20725,-0.084112
19852,-62.696,-0.95308,0.14893,-0.039299
13400,-72.616,-0.94567,-0.001251,-0.042628
12513,-59.657,2.2521,0.13077,-0.05724
13049,-78.948,-2.108,0.21671,-0.044458
9147,-30.767,-0.90874,0.02854,-0.025825
12228,-65.234,-1.6797,0.055006,-0.029463
13309,-34.44,-3.448,0.24359,-0.13578
9051,-48.839,-1.8133,0.15744,-0.056479
8905,-57.479,1.584,0.16169,0.010404
0,0,0,0,0
16734,-48.758,3.688,0.21975,-0.045072
11411,-76.286,-6.0106,0.23757,-0.096495
24002,-26.197,-0.40288,0.087049,-0.018428
14474,-23.2,-0.77028,0.047996,-0.0072251
8697,-41.751,-1.8618,0.073859,0.0062178
14155,-30.829,-0.79564,0.12654,0.0011505
5131,-55.987,-1.2216,0.071046,0.021285
7110,-43.25,-2.3293,0.12616,-0.0057338
8159,-28.567,0.02844,0.12189,0.008274
2970,-20.543,-1.4942,0.13968,-0.016385
8677,-26.166,-0.93237,0.11248,-0.0077644
9505,-9.0838,-0.60231,0.25112,-0.01465
6317,-22.591,0.70674,0.14059,0.0016196
3485,-28.956,-0.49639,0.12356,0.012153
7814,-41.037,-1.4791,0.15585,-0.0067577
4733,-70.1,-2.6287,0.11788,0.0025758
5501,-19.45,-1.0911,0.12519,-5.0133e-05
3538,-14.278,-0.45683,0.15548,0.0098352
11634,-56.776,2.543,0.17056,0.0034143
11171,-29.137,-0.90622,0.23972,-0.010653
5690,-7.3745,-0.62225,0.17188,-0.0067733
5200,-27.57,-0.71796,0.14542,-0.0072549
4197,-9.4082,-0.25355,0.25239,-0.014998
2575,-7.026,-0.28607,0.33245,-0.014308
3176,-8.0339,-0.39242,0.2452,-0.0072765
6198,-22.862,-2.3602,0.19752,-0.014362
4333,-21.156,-0.12199,0.21388,-0.00096973
4143,-6.6644,-0.77431,0.28181,-0.015173
6335,-7.7621,-0.59463,0.19518,-0.0090456
7095,-23.832,-0.52853,0.15668,0.0088755
6694,-14.57,-1.4486,0.25221,-0.020857
3508,-9.2861,-0.50443,0.27095,-0.013677
9610,-16.955,0.27617,0.17431,0.0023546
6791,-27.94,0.53289,0.20455,-0.0040112
4294,-4.6714,-0.17981,0.25751,-0.012756
5822,-15.934,-0.91116,0.26442,-0.014185
6615,-25.341,0.16519,0.11126,0.013155
6233,-24.856,0.95235,0.18207,0.013299
6516,-25.486,0.38188,0.27473,-0.0090502
14119,-41.761,-0.089906,0.16993,0.00024442
4112,-36.775,2.6354,0.14066,0.041923
8950,-44.466,-2.1529,0.030761,-0.0089751
6781,-63.788,3.4778,0.082509,0.03918
3541,-15.105,-1.2817,0.16355,-0.0023039
3934,-15.698,-0.78924,0.15696,-0.001171
1919,-19.454,-0.48136,0.20786,-0.0028646
5093,-23.317,0.90984,0.29257,-0.0087471
2252,-35.629,-1.6047,0.15589,-0.00038777
4019,-11.499,-0.31816,0.26628,-0.008156
2553,-25.4,-1.2579,0.27189,-0.0039181
2145,-35.432,-0.72781,0.24968,-0.0090106
2434,-13.627,-0.075895,0.29633,-0.0050792
4282,-3.8367,0.08283,0.066978,-0.00020554
2288,-6.0395,0.1041,0.33769,-0.012012
2196,-3.4833,0.080271,0.30405,-0.011617
3074,-13.128,-0.2528,0.19591,0.0052113
12372,-16.271,-0.26407,0.26494,-0.011706
3949,-24.44,-1.3625,0.17504,-0.016142
4730,-15.598,-0.034166,0.30971,-0.014473
5293,-5.0294,-0.11835,0.25807,-0.010583
2990,-3.4115,-0.16583,0.034808,-0.00060064
3172,-3.0403,-0.34639,0.024687,-0.0007852
5200,-5.8745,-0.31971,0.34068,-0.016735
2530,-3.8527,0.075661,0.14171,-0.0026242
5935,-4.005,0.08717,0.30056,-0.012818
6030,-16.189,-0.47624,0.25251,-0.012218
3571,-6.0614,-0.017183,0.2779,-0.011984
4717,-6.7565,-0.14764,0.093362,-0.001001
4572,-12.512,-0.36316,0.24055,-0.0097938
3361,-24.069,0.047562,0.24052,-0.0023612
4049,-3.4106,-0.1616,0.012958,0.00033024
4681,-7.6436,-0.1613,0.24558,-0.010327
4951,-4.7914,-0.24204,0.25955,-0.011505
3467,-15.441,0.025091,0.23306,-0.0064167
8136,-4.5216,-0.16224,0.15037,-0.0074909
3845,-3.6072,0.021788,0.18017,-0.0073754
6083,-13.19,0.32047,0.25097,-0.0042971
4290,-5.5519,-0.38047,0.26324,-0.013682
6546,-4.2603,-0.10154,0.16153,-0.0076795
11219,-2.3601,-0.053568,0.034393,-0.0026744
4854,-23.274,-0.27856,0.19413,-0.044766
6756,-45.249,-0.73542,0.19335,-0.010765
7564,-30.022,-0.59096,0.14545,-0.0056204
6007,-46.045,0.81147,0.20485,-0.0096705
5041,-19.459,-0.1872,0.25628,-0.032799
5819,-68.434,-1.4742,0.17748,-0.03207
6317,-48.134,-2.4389,0.31207,-0.0071754
6740,-75.851,0.1647,0.19288,0.0075373
7173,-43.062,0.11237,0.29085,-0.01579
3761,-56.455,-1.4209,0.27932,-0.021433
7122,-43.798,-1.1494,0.33185,-0.0070998
5160,-50.858,-1.2666,0.32266,-0.0076858
4397,-40.543,-0.73482,0.33195,-0.016909
5532,-43.669,-1.0917,0.31002,-0.020485
5964,-49.509,-1.1805,0.307,-0.0062816
2984,-66.239,-1.8255,0.3012,-0.019735
3038,-22.77,0.035049,0.31067,-0.023318
4274,-49.744,-1.0029,0.2856,-0.015526
3978,-59.14,-0.89957,0.2889,-0.0061723
4373,-43.23,-1.5266,0.33422,-0.020943
5541,-37.385,1.3189,0.32624,-0.0063949
2914,-37.145,-0.001093,0.28046,-0.017146
6992,-82.272,-3.371,0.27533,-0.0032523
4434,-32.142,-0.79157,0.34432,-0.018199
4017,-45.334,-1.7477,0.27006,-0.016174
4210,-53.015,-1.3038,0.27856,-0.012777
3136,-78.521,-1.3282,0.25483,0.0043496
2805,-84.719,0.38772,0.25699,0.0068222
7250,-56.002,-5.7763,0.30168,-0.055458
6990,-58.086,-3.965,0.26396,-0.029609
7769,-70.464,-2.3719,0.19978,-0.027368
3591,-54.253,0.9867,0.19239,-0.0075963
3913,-67.254,0.34962,0.21309,-0.0085835
3488,-62.446,-1.3908,0.23514,-0.018124
2298,-76.149,-2.1079,0.22706,-0.0090524
3116,-79.82,-0.3482,0.25875,-0.0051401
2692,-67.291,-1.1559,0.27033,-0.021198
2874,-44.87,-0.93293,0.28488,-0.029493
2383,-79.113,-1.4965,0.20917,0.0096935
5914,-44.794,-0.45038,-0.025856,-0.14161
6368,-61.219,0.89029,0.10638,-0.10789
4664,-77.232,0.88526,-0.057495,-0.091143
3466,-51.142,4.9727,-0.0054532,-0.014601
6563,-45.601,0.94572,-0.00036525,-0.093011
5617,-43.966,1.5291,0.033918,-0.031519
4477,-55.875,2.2162,-0.055307,-0.043927
3768,-44.674,2.8548,-0.016981,-0.023501
4007,-58.247,-1.3859,0.0092669,-0.031947
4526,-59.009,2.1667,-0.036345,-0.021833
3920,-54.056,7.2417,0.033703,-0.012445
2421,-48.799,4.9431,-0.021571,-0.087745
5437,-51.784,-2.6551,0.023963,-0.055308
4870,-41.45,0.43999,0.15958,-0.017118
3307,-54.814,4.2901,0.17181,0.028367
1868,-58.678,6.1619,0.032788,-0.035109
5665,-57.456,-0.52283,0.059549,-0.035136
5502,-50.395,-0.7267,0.10397,-0.01595
3578,-75.976,-0.53707,0.13021,0.0089038
2789,-62.021,1.6131,0.030786,-0.010204
3701,-40.569,-0.11313,0.050298,-0.03965
4300,-48.511,2.3285,0.18638,0.0096896
3155,-46.999,1.1292,0.050304,-0.025903
3186,-68.901,0.0084322,0.1209,0.016735
3722,-41.338,-4.5631,0.10472,-0.12083
4173,-47.208,0.28596,0.054009,-0.030083
2688,-61.344,5.8116,0.058188,0.025726
2165,-53.121,-0.0017798,-0.021902,-0.027185
2726,-52.828,-1.5571,0.12453,-0.01781
1635,-48.102,4.0746,0.027197,-0.080102
3231,-61.849,-4.2581,0.1634,-0.009743
2666,-60.397,4.5764,0.069244,-0.052267
3596,-58.974,-5.2109,-0.028727,-0.12119
3200,-65.008,2.6635,0.14303,-0.054843
2354,-74.799,-0.46069,0.1121,-0.0061411
2253,-60.231,0.10758,-0.044596,-0.052554
3809,-59.784,2.652,0.080168,-0.014188
4689,-37.701,2.8106,0.070203,-0.042296
7971,-62.172,-0.11825,0.058588,0.0077574
3301,-36.703,-3.6173,0.10741,-0.027088
4076,-18.12,-0.63921,0.074127,-0.0083686
4787,-37.301,0.37958,-0.011108,0.0087121
3923,-32.425,0.38872,0.078384,0.011615
8208,-21.613,-0.6453,0.048789,-0.0061135
4212,-32.495,0.79485,0.03711,0.0011248
3595,-32.623,-0.052715,0.061391,0.0081051
11596,-23.877,-1.4483,0.088234,-0.01135
10081,-21.135,-1.1934,0.05135,-0.010677
3538,-10.493,0.57085,0.054595,-0.0046136
5556,-32.533,-0.79353,0.059317,-0.00086744
9035,-31.716,-0.20494,0.0085007,0.0032272
7463,-20.34,-1.2851,0.050435,-0.011769
5308,-29.604,-0.062104,0.03839,0.0016514
3276,-26.85,-0.62162,0.040912,-0.010908
5877,-27.037,0.011496,0.096712,-0.00050034
13959,-26.196,-1.3498,0.017567,-0.0071662
10147,-29.187,-0.41128,0.052927,-0.0037538
3176,-20.412,-0.20979,0.099268,0.0047933
3381,-21.937,-0.51408,0.087558,-0.0049572
4315,-19.083,0.096977,0.11055,-0.0084797
17586,-16.843,-0.31528,0.074454,-0.011025
8179,-40.199,0.59854,0.12455,-0.0046597
2733,-27.653,-0.2922,0.0799,0.0041203
6952,-16.066,-0.40887,0.069662,-0.0086804
9596,-31.54,0.11213,0.044136,-0.0032839
7881,-25.881,-0.80725,0.019672,-0.0055444
7904,-29.332,-0.51591,0.1263,-0.01007
10103,-19.863,-0.51702,0.097777,-0.0086784
10507,-26.645,0.12961,0.061523,-0.0048771
8974,-26.327,-0.27818,0.059617,-0.0013502
4853,-31.018,0.28924,0.057373,-1.1729e-05
7343,-26.538,-1.3816,0.053056,-0.010353
16134,-30.398,-0.5942,-0.014756,0.0047726
5790,-33.508,-2.1518,0.05054,-0.018951
5977,-46.4,-2.0381,0.12205,-0.0090266
13161,-27.459,-1.2476,0.043291,-0.0056511
9360,-38.183,-0.33479,0.031852,0.0056954
6050,-51.443,-1.3974,0.050581,-0.0070565
2579,-42.103,1.5466,0.04457,0.0026962
4587,-24.654,-1.1135,0.039113,0.00032627
3608,-20.346,0.69979,0.179,-0.019237
7853,-31.312,-1.3599,0.079089,-0.0083935
4397,-20.627,0.38641,0.11387,-0.0023853
12188,-21.288,0.21924,0.024978,0.00011914
7018,-29.805,-0.52691,0.028476,-0.0058853
2531,-32.364,0.19737,0.18866,-0.026303
7576,-19.947,-0.40348,0.059283,-0.0052623
4580,-17.563,0.43456,0.073877,-0.0046203
6509,-38.975,-1.984,0.13042,-0.014712
6266,-41.589,-0.056714,0.16135,0.003725
8940,-28.531,-0.84396,0.09045,-0.0053936
7974,-22.489,0.37189,0.087922,-0.0062809
7875,-32.762,1.0246,0.19498,-0.00015263
9231,-33.018,-0.66216,0.16974,-0.0047114
4961,-30.858,-0.89599,0.060251,-0.00068647
3757,-19.008,0.78291,0.050749,-0.0054334
8730,-31.261,0.17608,0.10938,-0.0057087
8716,-26.332,-1.3728,0.17994,-0.0070335
9364,-27.166,-1.1021,0.1022,-0.0055621
8181,-25.424,-0.17286,0.059879,-0.0019518
12029,-21.83,0.05385,0.14008,-0.0063502
9633,-31.974,-0.26835,0.16924,-0.00083135
7447,-31.615,-1.1478,0.072411,-0.0048885
21198,-21.013,0.50974,0.11818,-0.0029285
8097,-18.926,-0.69841,0.18794,-0.01894
2963,-35.873,-1.9817,0.096021,0.00016395
7468,-24.53,-1.9122,0.010882,0.0028231
6453,-32.739,0.36258,0.11364,0.00023404
2351,-22.501,-1.1508,0.23347,-0.024828
2800,-40.006,-1.4202,0.17477,-0.0094747
5552,-29.888,-3.1908,0.12347,-0.014425
16741,-28.361,-0.37203,0.08408,-0.0055339
4196,-40.283,-1.5754,0.19168,-0.010074
11341,-28.103,-0.98323,0.080407,-0.010093
12452,-35.049,-0.24271,0.11604,-0.0044838
12773,-34.233,0.20918,0.064063,0.00068648
10022,-53.107,-0.53216,0.11892,0.0066144
9873,-58.831,-5.6839,0.0024868,-0.1675
11244,-46.101,-0.98062,-0.016016,-0.074945
7991,-82.852,2.4676,-0.055688,0.057643
25003,-37.856,-1.2364,0.0086259,0.042385
10000,-31.46,-0.0082448,0.011505,-0.18502
18159,-25.323,-0.4444,0.057146,0.0061639
17050,-85.875,-0.88634,-0.020065,-0.052558
4526,-62.778,0.10843,-0.027657,-0.089684
2753,-31.08,-1.5633,0.007354,-0.23972
5535,-39.041,-3.0822,0.0029055,-0.11701
6776,-73.07,0.64561,-0.035273,0.027506
16542,-46.05,-0.86585,0.033456,-0.0056778
14041,-43.662,-0.43216,0.034568,-0.043176
21327,-45.778,-0.811,-0.0046526,-0.0067107
7830,-73.213,-1.4776,-0.030643,0.00602
5629,-46.954,-2.4544,-0.00074235,-0.085724
2147,-38.458,0.66402,-0.02983,-0.19231
3142,-47.749,-1.9146,-0.018331,-0.088413
3517,-78.612,-1.8911,-0.030895,-0.086315
7466,-61.882,-1.6163,-0.016945,-0.045274
6091,-46.651,0.45892,0.011851,-0.06771
12364,-36.341,-0.013181,0.016624,0.00029869
9277,-83.084,1.6888,-0.054834,0.0030967
8514,-48.831,0.40298,0.01418,0.017504
5614,-48.726,0.57999,-0.023669,0.010998
4339,-39.233,-0.059065,0.018194,-0.0093501
9434,-83.429,-0.84775,-0.050904,0.0034787
8209,-36.504,-0.93887,-0.0054319,-0.026744
15152,-55.92,-1.9619,-0.016092,-0.023048
9280,-30.445,-1.0279,0.0095115,-0.0025912
3704,-49.485,-0.87653,-0.012812,-0.00020957
6173,-108.19,-3.5889,0.033603,-0.02733
1028,-53.472,2.1776,-0.027981,-0.27121
2913,-53.943,0.17656,-0.021008,-0.037367
11426,-42.846,-1.8678,0.033182,-0.014025
8272,-52.69,-2.8448,0.05728,-0.051852
7014,-54.288,-3.6253,-0.0097443,-0.053744
22622,-33.927,0.31532,0.027796,0.0033421
9741,-74.322,-2.2058,0.05509,-0.062486
6183,-39.229,1.2307,-0.029393,-0.045824
5446,-46.797,-2.1407,0.0074484,-0.079056
9372,-94.108,-2.3258,-0.049065,-0.050532
7961,-63.671,-3.2662,0.039529,-0.043068
4487,-25.223,-1.9977,0.00145,-0.033174
6482,-51.502,-0.89658,-0.045168,-0.023049
21029,-35.585,-1.2788,0.050349,-0.02643
13584,-47.967,-1.8135,-0.00015779,-0.0094939
5314,-23.132,-1.2435,-0.020854,-0.013334
15513,-42.709,-2.5374,0.016929,-0.030541
9133,-56.377,-2.6496,-0.025808,-0.024695
16206,-73.15,-2.3801,0.0009882,0.0090356
9411,-61.358,-1.9745,-0.051159,-0.041561
15437,-42.111,-1.6524,0.043323,-0.0021327
13931,-37.198,-1.7701,0.077927,-0.053347
16745,-65.526,-3.6979,0.052769,-0.012607
1736,-62.371,4.1989,-0.077483,-0.17179
10140,-50.056,-2.7972,0.055165,-0.011279
0,0,0,0,0
4389,-78.008,0.96559,-0.046037,0.035272
8370,-56.32,0.91169,-0.0080183,-0.031299
11016,-44.165,-1.702,0.022557,0.0028555
5391,-64.25,-2.8485,-0.0045969,-0.027893
13245,-58.891,-3.2032,0.015847,-0.013749
8818,-32.883,-3.0361,0.068472,-0.014584
14986,-30.308,-4.2217,0.083233,-0.015898
8476,-98.515,0.47697,-0.068607,0.0036167
14964,-54.241,-2.9053,0.0077685,-0.010383
13043,-52.482,-4.3859,0.070183,-0.00052421
16451,-30.863,-0.287,0.043979,0.0014587
9392,-81.155,-2.3758,-0.037454,-0.0063575
8270,-61.954,-3.9887,-0.0026879,-0.0085504
4433,-43.918,9.0279,0.023595,-0.21395
4902,-31.737,4.2169,-0.043831,-0.044923
5260,-45.014,-1.3327,-0.038714,0.012269
31380,-48.699,0.46609,-0.04668,-0.10771
9268,-58.698,5.285,-0.020708,-0.026567
7919,-104.1,3.8889,-0.10094,-0.033276
17723,-73.114,0.75099,-0.063847,-0.022239
9616,-61.112,0.3426,-0.047141,-0.082966
8747,-41.756,4.3891,0.044248,-0.012236
13110,-51.539,3.5679,0.0077218,0.015942
8224,-54.63,-0.56299,-0.0071856,-0.013972
32110,-36.358,1.0039,-0.016922,-0.029207
13137,-63.398,7.447,0.010998,-0.0056966
9084,-95.245,3.8738,-0.091137,0.030945
47860,-55.582,1.6432,0.019646,0.010577
26073,-76.385,-1.9535,-0.044661,-0.041188
14478,-39.966,3.0336,0.04908,-0.0089629
7613,-79.778,1.7017,-0.08466,0.017864
9097,-73.755,0.4878,-0.079784,0.013055
29206,-39.268,-1.1162,0.017278,-0.00018551
10135,-50.682,0.44394,-0.013882,-0.019307
17027,-63.738,2.2694,-0.056305,0.0087715
23770,-62.007,-1.115,-0.034691,-0.025443
11105,-90.975,-3.8647,-0.048869,-0.022734
24828,-50.481,-0.37027,0.009573,0.00033065
14491,-72.052,2.8802,0.036344,0.024549
11621,-109.17,3.3563,-0.095258,0.042079
12677,-51.077,-0.052674,0.0061677,0.011551
27313,-67.243,2.5684,-0.026589,0.022346
9506,-78.036,2.3299,-0.10314,0.0030631
11825,-94.505,-0.35401,0.087807,0.017654
6582,-58.998,-1.5439,-0.011404,0.0063435
13872,-58.096,0.21793,0.00030355,0.01779
25245,-67.868,0.11218,-0.010226,0.0096981
42133,-72.969,2.6642,0.068847,0.027681
31932,-65.707,-2.7647,0.0041617,-0.047345
28641,-39.82,-5.6903,0.11361,-0.037835
11836,-48.49,2.4218,-0.004664,0.016392
29046,-94.565,-1.7862,0.031484,0.012002
13548,-52.09,-1.159,0.0048375,0.0074413
21577,-64.142,1.9371,0.055475,-0.0047164
38241,-49.633,1.3849,0.11061,0.0025144
5830,-33.461,0.7245,0.013762,-0.03489
4255,-26.074,3.1137,0.037439,0.010952
2579,-36.278,2.0738,0.044794,0.021051
4256,-60.426,-1.9814,0.035609,0.0078222
5730,-66.374,-0.81738,0.047909,0.0048321
5300,-32.981,1.0727,0.013852,-0.0016824
12770,-32.686,0.17013,0.078823,0.0015069
8946,-45.662,0.76689,0.093598,0.0236
4847,-23.407,-0.31151,0.031799,-0.0063661
4679,-50.34,-0.19819,0.060919,-0.0023336
6117,-48.278,5.7776,0.03553,0.036513
3196,-51.429,-0.84559,0.10973,0.01408
4663,-48.743,2.2023,0.037766,-0.012518
4165,-25.626,5.0896,0.066812,-0.0022131
9773,-34.194,1.1978,0.024205,0.016667
4675,-23.681,-0.6599,0.14053,0.0041718
3598,-27.528,-0.84975,0.085588,-0.021657
4208,-12.433,1.1365,0.032936,0.0022248
4331,-24.927,0.81954,0.10074,0.01272
7996,-71.214,-1.1958,0.057739,0.0097213
9292,-21.801,0.32482,0.1147,-0.00022612
3726,-14.832,2.0976,0.038387,0.0006488
4153,-58.467,2.2996,0.07304,0.024377
4896,-55.084,-0.95845,0.054775,0.01398
3386,-30.133,0.70381,0.11795,-0.02322
4960,-22.504,1.9217,0.069923,0.0040267
5079,-47.231,0.97713,0.033304,0.010034
6852,-52.027,3.5972,0.018526,0.024449
5686,-31.659,0.59474,0.022913,-0.018365
18961,-18.973,2.0635,0.092598,0.0041785
10846,-39.465,2.1206,0.050133,0.016885
7859,-16.765,1.2102,0.098715,-0.0031517
8297,-13.643,1.7913,0.04797,-0.0078849
10138,-40.759,1.9098,-0.0096825,-0.014491
5300,-65.268,2.5108,-0.024858,0.024319
7569,-44.805,0.71167,0.010265,-0.0051157
12356,-25.262,0.90856,0.050531,-0.014151
6180,-16.405,2.9592,0.057966,0.002437
8472,-51.304,0.083703,0.10298,-0.010699
2.4935e+05,-80.599,0.31343,0.065563,-0.047502
70266,-86.681,3.6278,0.032977,-0.021894
89178,-47.646,1.3698,0.12735,-0.020338
31253,-36.277,-0.34308,0.046978,0.006159
36832,-68.825,-0.043039,0.16176,0.0035209
31507,-82.768,0.50116,0.055832,0.011822
39897,-62.426,3.1318,0.22809,0.0083067
23397,-51.022,-1.8844,0.20292,0.001961
38938,-73.237,-3.2905,-0.0043668,0.0023177
24075,-62.845,0.37365,0.29339,0.01146
40512,-49.423,0.27225,0.19543,-0.0062392
1.2524e+05,-60.105,-0.80394,0.16483,-0.018869
25588,-33.849,0.078674,0.20877,-0.0174
20859,-54.159,-1.567,0.20337,-0.0060349
81887,-24.348,0.98277,0.46633,-0.036381
47426,-61.542,-1.2321,0.072811,-0.00083865
43252,-42.841,1.2602,0.15367,-0.0049883
41282,-22.339,-0.61748,0.39709,-0.046322
16202,-33.407,-0.077287,0.11855,0.0036268
16288,-54.92,-0.37866,0.090649,0.011611
8925,-29.866,-0.36454,0.15145,-0.0081904
25010,-57.739,-1.6689,0.16039,0.0035647
45391,-36.245,0.87103,0.27885,-0.0064729
17372,-53.021,-0.0012992,0.12519,0.004756
12572,-33.793,-0.72274,0.18136,-0.015294
11918,-26.971,0.38018,0.041322,0.0051201
15466,-22.373,-0.22243,0.082372,0.0025705
16154,-43.071,-1.3833,0.07243,-0.0025173
24068,-32.724,-1.0037,0.13016,-0.011881
8034,-22.782,-0.32069,0.003285,0.012654
38916,-50.128,-0.12037,0.021175,0.0096926
32768,-30.505,-2.3102,0.14158,-0.0172
87513,-70.334,1.6682,0.033133,0.0028904
7643,-34.893,0.42841,0.068334,0.0071281
77450,-45.274,0.76542,0.10626,-0.0097935
32052,-23.482,-0.2971,0.11421,-0.0075442
88511,-45.426,-0.036855,0.023533,-0.0073132
13223,-21.805,-0.72269,0.066567,-0.00011743
57451,-23.418,0.86779,0.16849,0.00010821
12817,-49.908,2.2789,0.050541,0.0021457
48774,-79.303,0.029497,0.070646,-0.0062184
8639,-26.492,-0.063541,0.043775,-0.0050138
14119,-52.316,-0.66004,0.08485,0.0053584
6801,-17.376,0.57059,0.23396,-0.015154
5832,-14.264,-0.25936,0.14075,-0.0040832
20978,-28.661,-0.60957,0.20522,-0.012774
8828,-32.664,-0.032335,0.07952,-0.00054725
4868,-6.92,-0.2127,-0.00069904,0.0035796
6311,-25.451,-0.14944,0.22629,-0.029677
22379,-29.599,-0.80662,0.09678,-0.015143
6829,-20.009,-0.47048,0.053483,0.00058341
8928,-20.721,-0.096957,0.096512,-0.010004
3768,-33.297,-1.2194,0.19638,-0.0043405
6148,-21.221,-0.17898,0.034248,0.0069457
8905,-44.978,-0.78567,0.19582,0.0013153
12764,-15.842,-0.1321,0.075833,-0.0011798
5036,-20.029,-0.47781,0.18642,0.00042644
14407,-17.023,-0.39377,0.14039,-0.002883
7398,-19.3,-0.33126,0.031851,0.0062006
15434,-30.547,-0.53614,0.10476,0.00043376
9394,-44.109,0.042351,0.18603,-0.0020347
7179,-18.298,-0.62954,0.11082,0.0017552
18514,-25.522,0.1172,0.19185,-0.0018361
1.0002e+05,-4.8498,0.20076,0.10984,-0.029758
5372,-14.478,-0.26441,0.2262,-0.0087931
23468,-12.587,-0.22573,0.15062,-0.0081982
69090,-13.099,0.63623,0.16899,-0.01681
48618,-52.213,-0.61325,0.42931,-0.023926
93187,-41.63,0.26,0.23476,-0.021216
9447,-30.835,-0.56465,0.062756,0.0055196
5584,-13.881,-0.63064,0.016963,0.00085958
8307,-9.5009,-0.23864,0.17812,-0.0059198
11808,-30.449,-1.1738,0.35742,-0.023291
23431,-27.613,-0.52159,0.15144,-0.0071092
8067,-19.596,-0.39603,0.12327,-0.00091167
11512,-10.071,-0.047444,0.29405,-0.013728
13367,-30.408,-0.979,0.33304,-0.011383
9876,-29.388,-0.35349,0.033488,-0.0029109
9348,-50.814,-1.0616,0.024871,0.016552
10428,-52.289,0.20181,0.1357,-0.11576
6743,-104.63,-2.2496,0.059363,-0.056615
9123,-15.83,-0.89608,0.15022,-0.098518
78524,-31.79,0.76057,0.11693,-0.01907
12833,-22.365,-0.91976,0.062487,-0.04289
9919,-65.588,-2.8826,-0.083143,-0.060313
10433,-18.56,-2.8706,0.025904,-0.068172
10234,-42.056,-2.3291,-0.029728,0.010818
7796,-58.537,1.0316,0.075964,-0.12499
1142,-121.42,-2.1289,0.030528,0.70698
3876,-41.4,-5.3147,0.15683,0.26492
4733,-19.703,-3.1927,0.021069,0.030855
15909,-24.778,-5.1338,0.0012049,0.15402
7550,-33.237,-7.1111,0.02169,0.17707
8439,-34.901,-6.1326,-0.0070768,0.036976
7705,-26.163,-0.71843,0.026877,0.13748
16248,-66.561,-2.3416,0.10349,0.19458
7503,-32.91,-5.7312,0.091154,0.22637
8027,-22.264,-5.252,0.014197,0.16377
4829,-26.573,-1.455,0.054384,0.16541
17970,-65.559,-3.3824,0.11994,0.19588
4885,-51.382,-6.0587,0.13929,0.21684
7360,-38.451,-2.5352,0.058269,0.0071679
5318,-56.019,1.8422,0.094569,0.016006
11331,-35.876,-1.4792,0.094014,-0.0068785
7582,-61.847,-3.3028,0.15575,0.047133
4908,-78.476,-3.1021,0.11085,-0.041244
5264,-56.27,-5.1013,0.10541,0.12123
11359,-36.219,0.85999,0.13083,-0.015211
7745,-71.797,-2.0806,0.12847,-0.055469
3867,-71.098,-0.022948,0.14788,0.045329
9114,-54.915,-0.094472,0.10777,-0.054173
16954,-50.828,-1.1876,0.16055,0.0047503
12518,-63.294,0.19542,0.14978,-0.032196
4125,-91.316,2.6027,0.11282,0.064591
15248,-42.112,0.22169,0.14382,-0.11296
11632,-20.184,0.10946,0.18181,-0.043081
8861,-57.734,0.70454,0.13652,-0.060729
5910,-46.59,-1.5728,0.01479,-0.029783
11655,-44.818,-1.6471,0.11683,-0.066
13480,-36.957,0.16953,0.14639,-0.022912
9637,-76.637,-1.6479,0.096989,-0.052166
9247,-53.41,-5.2282,0.094683,-0.084997
18568,-29.11,-1.9696,0.16568,-0.072584
17556,-47.188,-1.7852,0.19454,-0.035087
10789,-52.767,-1.1487,0.12766,-0.044448
14849,-56.827,-5.0087,0.085877,-0.073665
16428,-26.379,-1.686,0.1989,-0.032913
14484,-106.29,-4.1498,0.097541,-0.086788
13917,-13.167,-0.96003,0.097103,-0.030589
8882,-59.301,-3.5703,0.082533,-0.062328
6483,-42.386,1.2453,0.16662,-0.062479
10630,-46.388,-0.11338,0.17367,-0.035559
8965,-49.073,-1.4429,0.079733,-0.032195
13154,-56.113,-3.3477,0.10507,-0.065743
19612,-35.034,-1.8388,0.15223,-0.041021
20388,-49.294,-1.4936,0.080939,-0.031375
11601,-38.736,-0.86504,0.13451,-0.059465
13585,-40.975,-2.4237,0.04938,-0.03338
13381,-17.757,-1.4712,0.19676,-0.035954
8790,-45.467,-1.2306,0.18822,-0.041642
9295,-51.763,-0.045081,0.10494,-0.020547
18564,-67.038,-4.4949,0.081109,-0.057349
14993,-42.479,-3.16,0.074237,-0.011456
8106,-67.181,-4.1643,0.18609,-0.078024
9858,-85.15,-1.529,0.072678,-0.026749
16872,-40.306,-1.8067,0.0184,-0.0087346
13168,-24.887,-1.7702,0.12476,-0.0011918
18450,-60.923,-3.3075,0.18002,-0.039655
15487,-81.133,-1.6944,0.046642,-0.0048559
12865,-48.98,-3.1451,0.046661,-0.032397
16951,-32.265,-1.2125,0.19886,-0.022041
18255,-50.059,-0.95169,0.18665,-0.051999
19661,-62.383,-2.1993,0.13399,-0.023361
30995,-32.051,-3.6223,0.15197,-0.027346
12098,-49.942,-2.35,0.13902,-0.01311
21359,-51.616,-3.2135,0.19611,-0.077409
3702,-18.738,0.16267,0.017947,0.011845
5117,-10.793,0.041445,0.052134,-0.0022799
3448,-4.6517,-0.37011,0.11989,-0.0054403
2859,-14.021,-0.76764,0.10356,-0.0015167
2761,-13.498,-0.82294,0.10355,-0.00091236
3338,-10.274,-0.39569,0.061513,-0.00028013
4570,-7.2984,-0.25117,0.060553,-0.00023495
3404,-12.876,-0.37367,0.10406,-0.0012787
3587,-5.4848,-0.008557,0.017307,0.0030938
4088,-7.3435,-0.03521,0.10506,-0.0024689
2721,-5.2895,-0.25887,0.13066,-0.0039481
3131,-9.7184,-0.2628,0.14429,-0.001781
5137,-8.8391,-0.36614,0.14896,-0.0061683
4924,-5.6776,-0.19292,0.22198,-0.010221
4625,-11.939,-0.041123,0.17635,-0.0035323
4915,-9.0822,-0.18272,0.18521,-0.0081313
3863,-6.2947,-0.45684,0.1653,-0.0059962
5298,-5.826,-0.006876,0.09376,-0.0023233
4654,-6.0557,-0.1369,0.18734,-0.0071479
6493,-5.3244,-0.1812,0.19475,-0.0098546
4090,-6.4989,-0.27214,0.11277,-0.003674
5141,-9.4135,-0.43688,0.25697,-0.011036
4115,-5.0437,0.063526,0.10685,-0.0026643
4786,-5.689,-0.19392,0.023228,0.00040419
4741,-6.8456,-0.024785,0.17386,-0.0066555
6410,-11.747,0.21915,0.24917,-0.012436
7032,-6.3385,-0.19473,0.20811,-0.010138
10509,-4.5376,-0.34019,0.014988,-0.0019484
6874,-5.6456,-0.18467,0.18232,-0.0082348
6714,-4.863,-0.17325,0.13665,-0.0065852
7143,-5.3607,0.070782,0.12959,-0.0051104
6334,-5.9565,-0.19173,0.12586,-0.0043594
8153,-6.7306,-0.13338,0.15565,-0.0059803
7548,-4.2207,0.02689,0.011763,0.00027805
7183,-7.387,-0.14756,0.062547,-0.0011801
6169,-4.0289,0.024339,0.014946,0.00072648
7144,-6.0636,-0.19024,0.046798,-0.0018661
6051,-10.183,0.11681,0.18618,-0.0061635
6599,-11.376,0.10061,0.22401,-0.01128
6786,-11.213,-0.7713,0.18056,-0.0090693
6431,-6.2568,-0.19573,0.30702,-0.01572
6713,-6.939,-0.2681,0.35988,-0.019042
5959,-5.2822,-0.11987,0.05691,-0.0016435
6193,-6.1843,-0.50879,0.16166,-0.0094968
5862,-9.4942,0.18889,0.29604,-0.012627
5453,-5.1902,-0.24655,0.010206,0.00019247
4758,-4.279,-0.1092,0.016493,0.00019026
4969,-5.3655,-0.12517,0.022678,-0.00016307
4763,-5.0373,0.3164,0.20939,-0.0092112
4213,-4.2818,-0.11118,0.19217,-0.0092646
5576,-4.4708,-0.3589,0.029511,-0.0020263
5319,-7.2802,-0.2161,0.25418,-0.013805
7634,-18.984,0.48704,0.27997,-0.0066462
6010,-5.3652,-0.18397,0.043833,-0.0018345
5968,-6.6912,-0.39142,0.24451,-0.013449
4264,-4.4474,-0.48976,0.06549,-0.0043234
5019,-4.522,-0.11189,0.031077,-0.00091956
8695,-4.1263,0.221,0.029798,-0.00034931
5260,-4.7647,-0.24072,0.01986,-0.00079395
5468,-3.8623,-0.28791,0.021461,-0.0013896
5715,-5.0396,0.0068592,0.0061658,0.00059496
5104,-6.029,0.55253,0.28347,-0.010275
7863,-10.334,-0.19039,0.12557,-0.0046004
4430,-6.6921,-0.21088,0.022407,-0.0011578
4911,-6.6981,-0.021937,0.087202,-0.0028973
7315,-4.8601,0.079056,0.0065762,0.00053457
7456,-5.3339,0.072271,-0.0011639,0.0014957
4295,-11.525,-0.0361,0.12298,-0.0025794
7165,-10.05,0.37355,0.30491,-0.014777
8032,-5.2423,0.076403,0.29165,-0.014114
21614,-10.752,-0.5176,0.28367,-0.016377
6419,-5.5565,0.18999,0.22288,-0.0097637
4366,-6.7857,-0.24387,0.1831,-0.0089554
4837,-10.15,-0.19977,0.049718,0.0013106
7428,-6.6147,-0.19727,0.3095,-0.016391
4600,-8.1395,-0.045327,0.21963,-0.0083858
6923,-7.2769,-0.20963,0.24941,-0.013116
6809,-5.3893,0.069229,0.29225,-0.014094
69701,-57.988,0.0062591,-0.00019354,-0.0031883
33508,-38.028,5.1714,0.12999,-0.046313
33715,-45.629,0.52269,0.10176,-0.0025355
35043,-63.324,-2.6526,0.047843,0.031331
25250,-36.206,-0.83438,0.033404,-0.040975
64532,-16.069,1.9481,0.094225,-0.020466
31760,-32.761,-2.0053,-0.012053,-0.01735
21309,-69.11,-1.2351,-0.054629,0.017844
38613,-19.332,-1.0198,0.017506,0.0021081
74243,-35.893,-0.38331,0.096075,-0.016048
55631,-28.955,0.21261,0.081136,-0.0078222
29386,-34.004,-0.47083,0.061374,-0.0019006
21702,-16.045,-0.72355,0.038055,-0.0072603
46900,-22.957,1.7078,0.16088,-0.015929
25603,-19.81,-1.6109,0.018389,-0.0059307
14337,-18.657,-0.85658,0.010303,0.0021035
14025,-16.764,0.67168,0.007433,0.0027406
9879,-4.9978,0.21219,-0.0024648,0.0016338
27591,-6.6267,-0.053987,0.073895,-0.0096258
5889,-6.4815,-0.13881,5.9941e-05,0.0032005
9161,-11.867,0.35298,0.0187,0.004226
6444,-14.209,-0.31913,0.099029,-0.002433
6826,-6.849,0.23344,0.091826,-0.0032869
8810,-7.2012,-0.38805,0.14189,-0.012796
13980,-27.93,-0.59552,0.024802,-0.0032765
27716,-7.0513,-0.49797,0.18468,-0.014712
12203,-4.5737,-0.17835,0.081837,-0.0053499
7174,-13.015,0.70252,0.14231,-0.011889
6009,-11.912,0.21468,0.031137,-0.0010477
10284,-17.155,-0.28617,0.18849,-0.022386
4942,-5.8501,-0.44579,0.044252,-0.0013797
11375,-45.588,0.87088,0.082384,-0.0037072
9052,-25.765,0.94964,0.16167,-0.0085131
7325,-9.4176,0.4147,0.11642,-0.0010909
6468,-11.474,0.098341,0.07414,-0.0015495
8083,-16.563,0.77594,0.030077,0.024193
7777,-3.779,1.285,0.14893,-0.0015763
9706,-6.6899,0.06044,0.11471,-0.0037886
33144,-33.268,-1.6945,0.033607,-0.0044605
29397,-21.058,-0.14622,0.068617,-0.0096135
13232,-12.225,0.051792,0.079932,0.00087034
12821,-25.299,0.097701,0.10089,0.0073908
8520,-9.8394,0.0069149,0.11833,-0.0025194
7013,-15.191,0.54322,0.20387,-0.012173
12353,-11.242,0.21909,0.1312,-0.0018276
9218,-16.778,0.96539,0.11826,-0.0025547
5502,-10.15,0.61502,0.063698,0.0011012
8112,-9.5293,0.57326,0.18684,-0.0079624
10478,-7.1506,-0.25656,0.17234,-0.007518
14176,-28.316,-0.28812,0.093154,0.0022913
5250,-4.8092,-0.3034,0.07602,0.00043167
30803,-18.722,-0.47832,0.19826,-0.012662
19597,-22.021,-0.26236,0.1038,-0.011953
8940,-11.965,-0.27433,0.14624,-0.0015579
9833,-9.7373,0.57683,0.13209,0.00061527
6451,-8.6865,-0.23329,0.26753,-0.021851
7367,-11.264,0.07428,0.15879,-0.0013049
9918,-12.374,0.098344,0.14163,-0.010956
12211,-6.3072,0.51347,0.12711,-0.0032664
9783,-13.668,0.1088,0.18265,-0.0074212
4518,-8.0993,-0.20071,0.104,-0.0034591
22113,-46.603,-0.32102,0.087185,0.0056896
6629,-14.499,-0.66688,0.12504,-0.0030439
7891,-12.777,0.70918,0.18104,-0.026864
16565,-17.148,-0.51105,0.1353,-0.0085015
8773,-17.289,0.079605,0.14469,-0.00067961
12941,-22.766,-0.11258,0.101,-0.002083
20975,-9.4882,0.03086,0.17792,-0.014682
11674,-15.565,-1.1007,0.11817,-0.0081472
8044,-8.0534,-0.93591,0.13732,-0.0082716
9121,-11.296,0.33078,0.099579,-0.00019533
8467,-5.9153,0.31752,0.12754,-0.0037388
8972,-8.9628,0.085363,0.15773,-0.0045422
6722,-3.7125,-0.24949,0.074781,-0.0036609
7601,-8.5055,0.11787,0.11564,0.003108
33706,-33.638,-0.32358,0.2319,-0.014818
11114,-9.8433,0.20431,0.14025,-0.0055876
2.4795e+05,-33.5,-0.52536,0.11015,-0.062816
35058,-21.146,-0.49891,0.1096,-0.01212
51561,-22.963,1.9133,0.093986,0.00049805
53801,-40.185,1.8127,0.12873,-0.0056553
1.0854e+05,-36.517,-0.19246,0.13015,-0.035479
1.1425e+05,-18.602,-1.2051,0.30272,-0.042414
1.0602e+05,-15.114,-0.40257,0.22196,-0.032136
61205,-17.637,-0.77779,0.17516,-0.017067
44658,-11.552,0.68839,0.16973,-0.029367
47325,-7.2791,-0.86087,0.25062,-0.029121
31763,-40.309,-2.6536,0.12687,-0.0044298
27456,-8.577,-0.39764,0.1537,-0.017603
22154,-7.307,-0.21235,0.050312,-0.0078728
37512,-11.314,0.31898,0.27452,-0.017754
43237,-14.502,0.69874,0.026835,-0.0010219
19723,-9.4619,-0.0052386,0.19396,-0.013262
20450,-9.5739,-0.19119,0.11209,-0.01143
21314,-13.172,-0.056227,0.26795,-0.014376
26412,-9.5142,0.083835,0.2454,-0.018473
14247,-8.0241,-0.19208,0.087082,-0.0081812
29458,-17.741,0.12452,0.11741,-0.020122
20715,-10.345,-0.32681,0.31583,-0.020111
23490,-10.892,-1.1365,0.15847,-0.013751
35373,-7.9924,-0.38848,0.095918,-0.012141
53313,-5.4545,-0.12087,0.032113,-0.011793
1.4217e+05,-7.6468,1.2636,0.25754,-0.042817
88247,-3.2867,0.24074,0.066271,-0.022551
33016,-10.493,-0.28022,0.03352,-0.0045582
42819,-12.029,-1.4213,0.077218,-0.014958
28175,-14.04,-0.47926,0.25785,-0.015564
20203,-12.996,-0.37007,0.22979,-0.0086742
27741,-12.665,-0.33482,0.13987,-0.013776
32369,-3.7417,-0.2402,0.076678,-0.0098887
79741,-12.004,-0.11621,0.17776,-0.02612
31860,-7.5899,-0.051684,0.16778,-0.012449
26507,-14.973,-0.75065,0.08765,-0.006599
40341,-40.613,1.2515,0.11733,-5.0741e-05
45227,-10.732,-0.64137,0.14447,-0.020515
33000,-14.419,-0.87198,0.17461,-0.0086492
60035,-41.247,-6.7102,0.14026,-0.17293
12126,-31.753,-0.75567,0.023291,-0.002627
1.1918e+05,-18.418,-0.30769,0.10718,-0.023509
34376,-29.02,-0.93676,0.034262,0.0007097
16585,-12.951,-0.25909,0.038207,-0.0042419
19796,-8.0356,-0.35716,0.022251,-0.0018605
30619,-11.58,-0.30659,0.077159,-0.010014
24972,-5.1633,-0.4179,0.058705,-0.0064406
23619,-1.4784,-0.33471,0.028784,-0.022496
30806,-4.4125,0.24323,0.078586,-0.011477
1.253e+05,-4.0857,1.251,0.11264,-0.035618
38092,-7.8483,-0.53084,0.1237,-0.013045
27775,-7.7531,-0.5088,0.048779,-0.0059997
26658,-4.8432,-0.46816,0.078407,-0.0093631
22439,-5.5041,-0.90184,0.069161,-0.012205
25930,-7.2105,-0.0077471,0.034916,-0.003178
21513,-8.7716,-0.48764,0.04718,-0.0064517
21029,-6.0321,-0.25914,0.044589,-0.0044015
34575,-6.5612,-0.15097,0.089699,-0.016239
31087,-6.1447,-0.53244,0.15632,-0.020978
24239,-17.823,-0.42891,0.029077,-0.0045753
28376,-16.096,-0.69751,0.12083,-0.0087405
23362,-26.298,-0.25161,0.05049,-0.0009033
59899,-3.4809,-0.1259,0.041159,-0.015248
24845,-18.925,-0.13149,0.054097,-0.0010506
21153,-7.4329,-0.40533,0.04607,-0.010742
32550,-36.161,-0.74154,0.086342,-0.0049247
55448,-5.3626,-0.11059,0.22287,-0.029013
22942,-27.561,-0.89695,0.039061,-0.0024678
28228,-12.402,-0.39092,0.071824,-0.0051419
32042,-13.975,-0.52603,0.07088,-0.0039138
35261,-15.157,-0.78132,0.15499,-0.017908
24066,-16.788,0.27465,0.089331,-0.015883
29535,-15.827,-0.37669,0.066698,-0.012836
35945,-40.063,-1.2884,0.085895,-0.0043953
43087,-25.016,-0.43327,0.067426,-0.0020138
22103,-17.387,-0.36856,0.12437,-0.0089756
41051,-33.392,-1.6647,0.083755,-0.017112
33926,-38.198,-1.5807,0.010868,-0.0087782
8313,-21.347,-0.10905,0.12711,-0.015833
20883,-14.932,-0.085261,0.22586,-0.014539
12012,-32.879,-0.085875,0.12884,0.0018328
10998,-15.971,1.4221,0.13062,0.0039346
21992,-31.555,0.59965,0.11264,0.0059172
17526,-14.395,1.0977,0.20291,-0.010549
13095,-11.717,0.8094,0.20334,-0.0099961
13933,-7.4124,1.4104,0.15636,-0.0015533
19120,-8.5467,0.38252,0.16609,-0.0092791
14451,-18.675,0.89414,0.22954,-0.010252
13460,-9.6897,0.27924,0.2374,-0.013954
16779,-12.785,1.4946,0.15751,-0.00036706
18801,-12.553,0.44324,0.16892,-0.013074
17546,-15.532,0.36109,0.21327,-0.0054725
13059,-9.8549,0.21198,0.18543,-0.0075704
14858,-9.058,1.4196,0.1207,0.00013258
17911,-7.7995,-0.29881,0.17792,-0.013602
19054,-16.648,0.8189,0.20079,-0.0078425
16833,-5.8225,0.28955,0.17851,-0.010708
11970,-19.147,0.6267,0.12697,-0.0040883
13367,-23.093,0.50827,0.15389,-0.017412
15661,-5.4323,0.072457,0.22395,-0.018787
21051,-28.868,-1.1127,0.11207,-0.0011206
19972,-37.845,-1.0061,0.071541,0.0014743
30570,-19.493,-0.5228,0.12315,-0.0075203
25460,-13.35,0.020562,0.21504,-0.013556
24078,-47.701,-1.3612,0.062041,-0.010935
15368,-6.253,0.08995,0.14788,-0.0095662
23174,-8.9538,0.42351,0.20176,-0.012139
22063,-27.068,-0.51856,0.18891,-0.013109
21670,-7.9272,0.089235,0.12688,-0.008135
11641,-9.9249,-0.16894,0.10675,-0.0035665
19203,-29.918,-0.51137,0.036068,-0.0016802
29690,-4.4172,0.11291,0.25743,-0.019757
16384,-9.2113,-0.26475,0.20128,-0.01397
25606,-8.5625,-0.12331,0.16243,-0.012157
17049,-24.056,0.134,0.15711,-0.0014798
16134,-10.688,-0.47555,0.26283,-0.019155
20333,-15.891,-1.0396,0.13758,-0.009956
10652,-20.179,0.042279,0.062011,0.00084672
12540,-7.7788,0.30492,0.083863,-0.0033019
8018,-33.129,-0.13737,0.035032,0.0055241
9166,-12.841,0.40008,0.10251,-0.0066006
10390,-19.449,-0.0094236,0.087124,-0.0029592
14043,-24.299,-0.66348,0.065878,-0.0084603
11410,-11.276,0.12119,0.051932,-0.0037048
13215,-27.909,-0.44126,0.018735,0.00066217
12694,-29.937,-0.85073,0.058472,-0.0058243
15692,-27.257,-0.42124,0.046448,0.0055867
10721,-28.073,-0.70381,0.035645,0.0029749
12925,-16.184,0.05121,0.023928,-0.0014224
20178,-14.459,-0.20497,0.063652,-0.011718
13150,-13.471,0.25072,0.054828,-0.011152
12364,-28.589,-1.1433,0.0073018,-0.001258
12396,-31.11,-0.83869,-0.0054474,-0.0015238
9701,-20.89,0.80911,0.097611,-0.00040478
15133,-8.7048,0.17598,0.099683,-0.0057351
13207,-14.659,0.13795,0.034774,0.0042509
16151,-9.4998,-0.020374,0.026783,-0.0026916
9910,-26.609,0.18976,0.060697,0.00012009
9407,-8.8363,0.025879,0.025186,0.0010229
16497,-10.976,0.14624,0.08111,-0.0036487
11039,-34.053,-0.92118,0.025658,0.0010888
9814,-11.587,0.07915,0.18418,-0.0087273
18733,-23.325,-0.72415,0.062455,-0.0041742
14229,-9.7525,0.031076,0.070065,-0.0033141
14306,-13.584,-0.46498,0.083072,-0.0062888
14712,-26.593,-0.10266,0.17176,-0.0025414
22177,-15.802,0.43796,0.15859,-0.016955
12757,-26.983,0.039797,0.027875,0.0054833
10524,-8.2138,0.16501,0.028184,0.00060603
15224,-18.332,0.058327,0.15861,-0.0039496
13920,-16.284,0.4918,0.092145,-0.0058154
17562,-19.689,0.70357,0.021812,0.001628
10657,-40.547,-0.33517,0.031619,-0.00097709
8055,-53.246,0.42701,0.11943,-0.0060003
19446,-17.62,0.11717,0.084252,-0.0025848
9796,-20.975,1.0896,0.039442,0.0075692
13006,-39.563,0.31475,0.17663,-0.0065254
9476,-46.954,1.5613,0.20412,-0.0024275
6372,-31.354,1.7595,0.20491,-0.0053406
4497,-20.354,0.39101,0.091285,-0.0028594
2922,-22.736,0.034752,0.072462,-0.0031179
3913,-18.583,-0.14691,0.13394,-0.0046393
4346,-25.472,-1.0643,0.2156,-0.023173
10330,-25.053,-0.97132,0.19453,-0.030409
6897,-55.169,1.2047,0.17045,0.0020163
5652,-34.929,0.35706,0.17254,-0.0063045
4144,-21.69,1.9932,0.17353,-0.0094195
5811,-14.124,-0.82036,0.12154,-0.0073813
2540,-41.436,-1.8814,0.15868,-0.013453
11666,-46.661,-2.5507,0.26677,-0.018001
6342,-46.759,3.1769,0.13782,-0.0009293
3561,-24.825,-1.3703,0.01488,-0.001931
8653,-41.131,0.64819,0.21318,-0.021365
11225,-34.622,-3.1161,0.20798,-0.035739
4026,-39.657,-0.066789,0.16147,0.0055164
5240,-34.013,-1.1305,0.21223,-0.022946
3643,-39.046,1.0982,0.076644,0.0037344
5756,-48.512,-1.0399,0.17892,-0.031443
5819,-32.419,-0.94744,0.25308,-0.018516
16195,-42.612,-2.22,0.148,-0.011245
10507,-39.39,1.1206,0.19541,-0.0086345
7931,-34.21,0.65841,0.18828,-0.013377
4014,-30.106,-0.44994,0.14036,-0.010978
26602,-37.983,-1.3566,0.1208,-0.01517
7030,-71.725,-2.1443,0.23193,-0.03376
8079,-28.276,-2.093,0.18502,-0.016436
10069,-39.26,-1.099,0.08033,-0.028932
17406,-54.751,0.59708,0.049767,-0.0051532
10557,-37.136,-1.4076,0.16223,-0.035041
6402,-29.389,0.60195,0.22166,-0.0092845
4395,-27.68,-3.6923,0.14816,-0.0079673
13739,-67.127,0.45281,0.10234,-0.0071821
4693,-60.553,-2.7939,0.16389,-0.026298
10709,-40.039,4.1117,0.20558,-0.0025704
5020,-35.499,-0.59141,0.16555,-0.010411
6060,-70.305,0.87318,-0.00057856,0.015196
6756,-49.369,-0.17491,0.031337,0.0080832
3156,-27.915,-1.0133,0.0056435,0.0088969
3246,-37.584,-1.2255,0.082296,0.0040941
2693,-19.22,0.088154,0.0089332,0.0091117
12609,-41.293,-1.4325,0.075905,-0.0057505
3287,-66.397,-1.3272,0.054207,0.022104
4330,-28.458,0.51488,0.11851,0.0010184
5463,-37.772,0.28049,0.0025299,0.012342
4052,-30.947,-0.088058,-0.0053586,0.015126
8230,-46.734,0.43447,0.093043,0.0037
4935,-26.002,-0.63291,0.035329,0.0028137
3919,-25.368,-1.4704,0.24251,-0.019562
10084,-56.844,-1.5898,0.17002,0.0055958
7835,-30.004,-0.3082,0.059493,0.003351
7650,-45.966,-0.93107,0.15202,-0.00030113
5368,-21.989,-0.50693,0.099808,-0.003578
6990,-35.674,-1.3363,0.18596,-0.0030203
5692,-37.072,-0.92646,0.035481,0.031104
6498,-32.54,-0.79099,-0.0071508,0.0087765
4523,-14.411,-0.70504,0.054817,-0.0039429
3812,-15.487,-0.72464,0.0092228,0.0029275
9394,-37.534,0.76859,0.14667,0.024834
7460,-33.307,-0.26673,0.14259,-0.0018066
6982,-34.353,-0.9421,0.00056909,0.00024215
4209,-25.722,0.1497,0.067056,-0.0087752
4919,-47.295,1.4127,0.1795,0.022823
6996,-43.884,0.84855,-0.018576,0.01119
4113,-19.345,-1.1582,0.011489,-0.011424
4270,-38.489,-0.0167,0.17549,0.0062327
8492,-25.92,-0.67946,-0.0060067,0.0040175
6867,-43.69,1.8829,0.19858,0.0098963
4154,-21.593,-1.3178,0.084597,-0.00023379
4791,-41.618,-0.5632,0.13818,0.011291
5211,-21.338,-0.62146,0.14438,0.0011668
10530,-44.635,0.28925,0.18237,0.0057752
11248,-57.699,0.15176,0.15064,0.011956
4849,-37.875,-2.2551,0.22841,-7.9928e-05
5939,-40.697,-2.3565,0.15196,0.0037275
8793,-46.526,-1.3102,0.11031,-0.0068225
20874,-24.127,-0.008935,0.052623,0.00050118
34431,-17.491,-0.13274,0.14329,-0.012385
3299,-26.412,-0.27071,0.08403,0.0034376
4365,-22.028,-0.69845,0.19488,-0.00616
10648,-7.7481,-0.63931,0.061695,-0.0076268
10825,-27.322,-0.06735,0.26948,-0.014096
8575,-14.56,-0.31603,0.090672,-0.0027261
7480,-25.656,-0.46071,0.10946,-0.0093461
16437,-11.776,0.10255,0.033825,-0.0018266
68590,-28.206,0.21327,0.1968,-0.016077
9895,-24.494,0.56715,0.17575,-0.0037166
9337,-17.602,0.57696,0.025173,-0.0042542
20991,-15.47,1.0328,0.085034,0.00046267
9548,-31.699,1.4858,0.17083,-0.0094845
6479,-7.6712,0.095251,0.060652,-0.00088823
6951,-12.103,0.59059,0.088739,0.0032645
7534,-41.708,0.32237,0.047318,0.016563
19139,-22.646,0.47606,0.014393,0.0038896
9215,-45.795,-0.5472,0.11559,0.011692
15648,-31.196,-0.29535,0.041952,-0.0051831
24329,-18.786,-0.53687,0.1147,-0.0049797
12249,-20.047,-2.4804,0.16774,-0.023139
6887,-47.306,-1.3929,0.16407,-0.0041338
6745,-39.701,-2.2759,0.080091,-0.0046027
6665,-45.504,-1.9589,0.19006,-0.0018641
6970,-7.6229,-0.33993,0.17617,-0.0082065
10603,-17.654,-0.54274,0.15456,-0.011751
6143,-24.49,-0.35452,0.12168,0.00046892
13667,-35.142,-1.8643,0.24627,-0.007819
14401,-6.4685,0.14591,0.26209,-0.016655
5865,-23.175,-1.1473,0.15937,-0.011759
10885,-12.822,0.033152,0.080634,0.00078218
18831,-12.987,0.12455,0.15896,-0.0066794
62894,-20.774,-0.16296,0.21204,-0.02071
5892,-25.834,-0.50143,0.0727,0.0043769
5550,-19.64,0.030201,0.076351,0.0015561
26931,-27.092,-0.74961,0.10326,-0.0026014
10847,-19.305,-1.0673,0.23216,-0.019972
4412,-75.213,0.4154,0.064096,-0.048119
43901,-17.171,2.5988,0.34946,-0.015353
18104,-74.718,-2.0845,0.18253,-0.0072375
10956,-23.123,0.62418,0.19482,-0.010253
9737,-23.491,0.61317,0.23174,-0.017034
26788,-14.146,1.6078,0.26101,-0.008725
13890,-16.414,0.1139,0.29922,-0.015508
11514,-6.9317,-0.12293,0.22048,-0.012145
16222,-36.136,-0.6826,0.073862,0.0074222
33293,-12.934,1.8718,0.35916,-0.018646
17442,-6.7394,0.027955,0.31714,-0.019045
9999,-15.75,1.6088,0.32133,-0.006389
14975,-21.073,1.6091,0.16771,-0.005366
21639,-8.7899,1.3577,0.30656,-0.015059
32969,-2.6781,-0.033921,0.3499,-0.024478
17608,-4.2032,-0.11916,0.29569,-0.018384
13278,-19.684,-0.37647,0.12826,-0.010206
8501,-16.147,1.9095,0.20021,-0.00027474
6542,-6.7843,0.17167,0.35555,-0.018431
6111,-5.9778,-0.0057884,0.22645,-0.0087226
4895,-36.004,-0.037581,0.27358,-0.0011089
13440,-11.075,1.1329,0.34717,-0.011424
8149,-8.9007,0.083253,0.31746,-0.013918
6353,-6.0959,0.36939,0.21062,-0.010944
12358,-16.512,0.98205,0.084051,-0.0025071
32348,-72.2,2.012,0.18733,0.01595
17289,-7.9962,0.38397,0.3525,-0.019628
7389,-6.403,0.18066,0.13563,-0.0062874
13734,-19.36,1.2244,0.029629,0.0098368
22820,-21.272,0.44969,0.061639,-0.0085242
11225,-6.1639,0.13774,0.15763,-0.0062335
12536,-14.494,0.076076,0.21353,-0.010191
29088,-20.824,0.23219,0.074793,-0.0036492
13942,-19.618,1.8145,0.16723,0.0027218
18288,-9.9431,0.35759,0.18765,-0.0095441
6738,-18.984,1.3584,0.18986,-0.00061564
15423,-44.822,-0.75719,0.15168,-0.0012071
21218,-14.695,0.79558,0.049903,0.0049324
48517,-7.2012,0.64537,0.3313,-0.022954
7376,-9.6316,0.25575,0.23299,-0.009456
38988,-1.4549,-0.30404,0.23292,-0.025127
1.1809e+05,4.0205,0.47347,0.038687,-0.032279
94108,0.61111,0.51157,0.025181,-0.023718
72675,0.96132,0.11809,0.032814,-0.019316
1.2285e+05,4.8237,0.37896,0.043734,-0.033604
2.2775e+05,11.472,1.4339,0.099571,-0.063511
32301,-2.8704,0.21001,0.019541,-0.0083074
8433,-2.7761,0.052829,0.02322,-0.0016186
26151,-1.6658,-0.04603,0.0062537,-0.0061682
41025,-0.79994,0.026987,0.016333,-0.010289
42724,-2.561,0.31958,0.028111,-0.01125
42984,-4.3452,-0.08308,0.017732,-0.0094737
31958,-2.2758,-0.15717,0.022628,-0.01545
93172,3.3619,0.36342,0.032712,-0.028435
50429,-12.113,0.13947,0.0081535,-0.0087198
73225,-2.8794,-0.063159,0.06655,-0.020756
12915,-7.39,0.093899,0.050592,-0.0073602
31521,-3.0667,0.016831,0.032406,-0.0079922
79866,-1.5674,0.17075,0.048396,-0.01891
16633,-2.7831,-0.10143,0.034288,-0.0053023
6976,-3.2933,-0.21108,0.0025369,-0.00058216
1.0105e+05,4.1634,0.40737,0.035052,-0.028135
44665,-5.9236,-0.22476,0.051395,-0.011364
68946,0.51172,0.096179,0.02763,-0.018585
38537,-2.1163,-0.0033542,0.019728,-0.011853
1.2345e+05,5.4935,0.45477,0.048841,-0.033928
68323,0.7213,0.22293,0.022837,-0.01657
1.0076e+05,2.4638,0.19189,0.032464,-0.027064
67044,-0.40526,0.3244,0.036561,-0.017866
89744,2.048,0.76641,0.046574,-0.027032
39527,-3.4908,-0.020708,0.0047112,-0.0081819
26276,-5.1062,0.11985,0.11322,-0.0082545
38654,-1.8025,0.37703,0.032849,-0.01054
1.0134e+05,3.8748,0.65412,0.039273,-0.027999
1.2231e+05,0.40221,0.43431,0.045302,-0.028912
