14948,-26.99,-1.8834,0.098537,0.01451
1560,-8.8843,-3.6333,0.26799,0.016552
1340,2.8276,-10.381,-0.19731,0.035823
1402,-22.399,-7.2944,0.24327,0.0040331
5234,-26.572,-3.1762,0.22428,0.013366
7574,-35.507,-11.948,0.16418,0.094383
1075,-7.6745,-6.9921,0.17959,0.0034513
4706,-20.059,-11.298,-0.0148,0.03713
4787,-21.533,-7.2378,0.15455,0.0041788
3819,-32.438,-9.4061,0.12538,0.023921
7076,-21.088,-9.0766,0.08287,0.080791
1454,-13.948,-3.1306,0.048725,0.035042
6094,-28.943,-7.0703,0.13688,-0.014247
4754,-24.39,-15.07,0.11238,0.039168
3516,-28.549,-10.59,0.01424,0.081475
3386,-10.792,-9.081,0.27263,0.083344
6756,-25.681,-3.057,0.46796,-0.031276
4198,-37.639,-10.561,0.31229,-0.0074767
11954,-15.375,-10.883,0.02926,0.020204
4455,-26.431,-3.351,0.096398,-0.010933
13232,-54.117,-7.2321,0.39736,-0.062332
4517,-24.642,-18.379,0.06029,0.07909
4135,-10.699,-7.265,0.2516,0.041746
1620,-23.808,-10.629,0.17344,0.038087
9177,-30.247,-7.4954,0.33183,0.040915
7381,-43.55,-1.9654,0.55291,-0.0083084
1751,-16.928,-3.0875,0.16378,0.0035629
3198,-27.113,-14.583,0.29598,0.032106
16144,-28.325,8.0233,0.42889,-0.032678
9602,-33.427,-4.1714,0.40937,0.015077
4765,-39.051,-4.2385,0.30151,-0.033626
2114,-32.665,-1.4151,0.32865,-0.015707
16653,-18.554,-3.0293,0.41323,-0.025621
11932,-29.719,-6.9148,0.14369,-0.0028889
13479,-30.348,-11.817,0.056491,-0.02153
4300,-35.404,0.42151,0.24032,-0.010676
21482,-40.631,4.394,0.48453,-0.033909
8108,-30.921,-15.855,0.28228,-0.0050161
3523,-29.689,-13.902,0.29244,0.019049
5757,-33.788,-3.445,0.36085,0.0081978
10751,-22.564,-1.3686,0.6682,-0.032626
4516,-28.966,-7.3811,0.61532,-0.0090409
6861,-21.104,-4.1499,0.32335,-0.0019155
8411,-25.174,-6.5741,0.27711,-0.024245
17390,-22.051,-2.2815,0.52282,-0.022692
22218,-38.243,-4.3151,0.59035,-0.01391
17155,-28.141,-9.9023,0.18988,-0.0076138
1747,-46.853,-1.6364,0.69655,-0.038648
5944,-19.773,-7.5578,0.42575,-0.013221
9955,-40.864,-10.34,0.1354,-0.0067505
9000,-20.139,-7.9575,0.40789,0.010233
17792,-30.51,-4.6752,0.33802,-0.0021435
15269,-22.832,-6.5828,0.35988,-0.015059
26107,-38.598,-2.856,0.54133,-0.0048156
2480,-14.113,-0.33654,0.48648,-0.01158
13504,-19.413,-8.3899,0.37483,-0.018919
11546,-18.058,-6.4926,0.26906,-0.01346
9824,-34.071,-11.529,0.28949,-0.0068639
10115,-15.955,-11.935,0.44168,0.038152
7417,-12.252,-8.5063,0.20557,-0.0062379
26701,-20.816,-4.3801,0.33278,-0.012952
14158,-26.375,-9.3885,0.4119,-0.024372
14468,-22.764,-13.533,0.28312,-0.0033943
5925,-22.005,-6.9247,0.44731,-0.027634
22868,-25.84,2.1555,0.44943,-0.018527
45520,-31.316,-3.1322,0.43305,-0.039588
6045,-8.3345,-8.7436,0.14264,-0.0021478
4492,-14.154,-10.247,0.24661,0.0010946
6553,-39.497,3.7127,0.11915,0.016717
18303,-40,1.9801,0.13184,0.0028795
5323,-32.294,6.1619,0.12855,0.04988
5398,-64.841,-3.594,0.1584,0.088913
3113,-28.221,-0.72606,0.37804,-0.02052
8430,-45.44,-4.0656,0.33511,-0.0031709
2604,-6.4942,2.9997,0.13747,0.043777
2898,-13.47,6.0126,0.21101,0.049725
4587,-63.347,-3.0484,0.24338,0.026892
2222,-35.621,-9.6426,0.29169,0.018998
4594,-81.29,-4.9104,0.2355,0.061411
5060,-33.714,6.5553,0.09507,0.032367
1784,-89.005,-1.7207,0.48136,0.024407
2819,-31.501,-3.6665,0.40649,-0.0029058
5409,-11.706,-1.0017,0.17579,0.012098
9639,-17.029,10.351,0.043431,0.069046
7360,-59.178,1.1458,0.48457,-0.028613
4828,-16.212,4.0921,0.35695,0.00026792
1458,-5.8314,9.6622,0.40574,0.067029
1721,-14.347,5.3206,0.17327,0.063365
4192,-100.76,-1.4694,-0.10347,-0.00018246
3815,-38.793,-2.9461,0.30974,0.022528
9674,-17.74,-0.59563,0.041775,0.024456
2757,-16.16,0.62091,0.066678,0.013085
2466,-12.087,4.8058,0.26776,0.023649
2267,-42.696,3.0431,0.48171,0.0048588
5130,-63.656,11.957,0.23316,0.016061
1557,-25.143,11.345,-0.1174,0.0029282
2557,-21.717,8.0092,0.25417,0.058493
1978,-30.973,-1.4366,0.55352,-0.012308
6734,-16.987,9.7225,0.063489,0.082237
2919,-27.559,-1.3855,0.02374,0.0063944
1018,-20.072,5.9481,0.24709,-0.0037563
2160,-9.6574,-2.2309,0.31709,0.0076705
2900,-89.801,-0.22043,0.28332,0.038741
1678,-0.054435,15.722,-0.03662,0.12907
2973,-27.257,10.752,0.51126,-0.018148
1761,-23.317,5.0213,0.11255,-0.012084
3051,-26.751,-7.9418,0.1891,0.051459
2208,-26.906,6.0984,0.19553,0.056716
936,-13.965,5.2693,0.085159,0.02398
2552,-24.827,0.9069,0.44007,-0.0056846
4183,-26.857,-5.3744,0.30854,0.0096898
3515,-18.002,-0.79191,0.073948,0.068682
2352,-24.306,0.83582,0.071037,0.011495
2029,-27.424,3.7425,0.17835,-0.0040344
10658,-45.084,-1.8179,0.23304,0.048913
3680,-4.109,0.19514,0.014106,0.0067604
1463,-13.136,-4.6372,0.17427,0.020896
3636,-18.979,7.994,0.31522,0.037339
2731,-30.473,-7.0944,0.22075,0.040017
1157,-14.659,4.4522,0.033437,-0.0050618
1200,-5.5323,2.7108,-0.13463,0.021498
1757,-17.663,1.7835,0.29416,-0.0062622
1645,-26.152,-10.17,0.31484,0.035498
1978,-25.602,-3.2106,0.34019,0.018413
1078,-28.098,-4.0199,0.2777,0.011928
2114,-26.377,2.6126,0.41735,-0.010807
3720,-28.626,-11.782,0.29016,0.030088
1575,-17.543,-2.6829,0.13258,0.010905
1998,-27.519,0.56782,0.24156,-0.0029253
1993,-16.43,1.007,0.36976,0.013656
3282,-16.102,-5.9261,0.44116,0.01006
2275,-11.357,1.8008,0.045876,0.0093936
1524,-25.022,-1.9001,-0.0567,-0.0035073
6475,-24.047,2.8047,0.29821,-0.012185
12340,-46.832,0.7596,0.60784,0.0094339
1094,-12.751,-7.8462,0.12227,0.030565
1111,-21.72,1.2601,0.15613,-0.002103
3657,-21.237,-0.33405,0.3106,-0.015252
5064,-15.654,-2.0501,0.45577,0.0031979
2048,-6.4025,8.1052,-0.30943,0.0045749
3216,-16.409,3.5299,-0.24581,0.00093177
5051,-42.446,9.1851,0.57277,-0.036353
616,-28.597,-10.293,0.48381,0.0021741
2924,-18.48,-5.6484,0.23114,0.025465
1722,-20.486,1.3988,-0.035393,0.0086619
1994,-27.934,0.46603,0.57728,-0.026785
6162,-22.398,-1.25,0.42944,0.0088407
1258,-23.658,-4.2112,0.33486,0.0031523
1046,-23.236,0.97009,0.30857,-0.0069923
15159,-58.25,8.3468,0.084524,0.0032457
1.1434e+05,-19.409,1.2091,0.056703,0.16712
2.5769e+05,-17.203,0.44823,0.065439,0.1288
3.3174e+05,-19.554,0.93241,0.080892,0.12754
4.472e+05,-18.845,0.66059,0.091903,0.18454
6.0246e+05,-19.491,0.14271,0.10569,0.15966
6.7812e+05,-18.922,-0.047786,0.11103,0.12879
7.8519e+05,-19.934,-0.17344,0.12315,0.10382
9.5438e+05,-18.729,-0.87211,0.13465,0.076636
1.0519e+06,-18.997,-1.265,0.14298,0.063148
1.1284e+06,-17.898,-1.5962,0.14698,0.04476
1.1214e+06,-19.352,-1.3038,0.15093,0.054676
1.1944e+06,-19.235,-1.5476,0.15702,0.042971
1.3038e+06,-18.124,-2.0788,0.16367,0.030106
1.4817e+06,-16.144,-3.0103,0.17286,-0.013292
1.4664e+06,-16.361,-2.8044,0.17305,-0.0096611
1.4981e+06,-16.355,-2.904,0.17602,-0.0068455
1.5443e+06,-15.197,-3.1502,0.17827,0.0076552
1.4017e+06,-18.084,-2.5472,0.17209,0.048913
1.4511e+06,-18.653,-2.4302,0.17901,0.035355
1.5116e+06,-18.221,-2.8077,0.18319,0.054293
1.5755e+06,-17.247,-3.2078,0.18574,0.044062
1.6303e+06,-15.913,-3.5059,0.18747,0.031575
1.6732e+06,-16.522,-3.5529,0.19272,0.023711
1.5985e+06,-17.286,-3.2741,0.18801,0.045047
1.6417e+06,-16.971,-3.4535,0.19068,0.031298
1.7021e+06,-17.091,-3.6246,0.19597,0.013533
1.8825e+06,-14.962,-4.4274,0.20621,-0.028395
1.7731e+06,-15.99,-3.94,0.19981,0.0025642
1.8155e+06,-15.303,-4.2324,0.2013,-0.0034784
1.8669e+06,-14.502,-4.4441,0.20406,-0.015777
1.9265e+06,-14.276,-4.5983,0.20876,-0.034904
1.9763e+06,-13.037,-4.9936,0.20933,-0.046179
2.0493e+06,-12.175,-5.344,0.21326,-0.06395
2.0792e+06,-11.716,-5.5024,0.21462,-0.071077
2.1242e+06,-11.575,-5.5354,0.21878,-0.086564
2.1558e+06,-11.973,-5.6407,0.22237,-0.08322
2.176e+06,-11.845,-5.7855,0.22338,-0.085256
2.2236e+06,-10.893,-6.0694,0.22488,-0.099345
1.9685e+06,-15.258,-4.6529,0.21439,-0.042974
10027,-31.392,4.1262,0.071732,0.18696
28572,-43.287,5.9521,0.1129,0.19572
43773,-43.36,5.9151,0.11453,0.18869
64343,-46.017,6.5458,0.13063,0.19472
83168,-44.239,6.2338,0.12923,0.21607
1.1769e+05,-47.647,6.2956,0.13999,0.22089
1.4748e+05,-45.114,5.6531,0.13347,0.19652
1.7219e+05,-46.151,5.9127,0.13966,0.18774
1.9226e+05,-48.469,5.8642,0.1461,0.22071
2.1488e+05,-47.962,5.5964,0.14666,0.23553
2.3656e+05,-48.766,5.6434,0.15074,0.2299
2.5424e+05,-50.393,6.009,0.15786,0.2282
2.7701e+05,-50.087,5.5782,0.15823,0.26979
2.9725e+05,-49.801,5.2857,0.15826,0.27598
3.2823e+05,-48.022,4.872,0.15545,0.25427
3.498e+05,-47.382,5.0298,0.15808,0.2494
3.7623e+05,-48.551,5.1139,0.16381,0.25707
3.9609e+05,-50.205,5.0353,0.16793,0.25493
4.1628e+05,-49.885,4.9905,0.16911,0.2471
4.3339e+05,-49.885,5.2523,0.17283,0.24257
4.5069e+05,-49.068,4.9557,0.1714,0.24418
4.7529e+05,-48.698,4.7628,0.17201,0.23732
4.9894e+05,-48.605,4.6131,0.1732,0.22935
5.2326e+05,-47.96,4.5082,0.1741,0.22687
5.4815e+05,-45.913,4.1391,0.17127,0.22903
5.7971e+05,-47.291,4.0482,0.17598,0.21919
6.0149e+05,-45.556,3.7331,0.1735,0.21877
6.2606e+05,-44.723,3.6641,0.17413,0.20744
6.456e+05,-44.842,3.7465,0.17691,0.2022
6.6734e+05,-44.507,3.6311,0.17784,0.19701
6.8406e+05,-44.259,3.48,0.17817,0.19303
7.0343e+05,-43.558,3.3835,0.17848,0.18889
7.2251e+05,-45.049,3.6001,0.18426,0.18205
7.492e+05,-44.735,3.4085,0.1852,0.17557
7.6483e+05,-44.485,3.3879,0.18647,0.17583
7.9168e+05,-44.055,3.3682,0.18849,0.1684
8.2612e+05,-44.277,3.2299,0.19135,0.15624
8.5335e+05,-44.121,3.1229,0.19323,0.1494
8.761e+05,-44.041,2.978,0.19462,0.14665
9.0559e+05,-43.308,2.907,0.19607,0.13792
930,-49.818,-15.44,-0.34799,0.092092
976,-31.458,-5.6552,0.22316,0.030067
928,-11.451,-0.58183,0.07625,0.006863
452,-2.9031,-0.37779,0.16387,0.011989
475,-4.3346,-0.70926,0.021173,0.034193
2267,-97.575,-9.588,-0.10886,-0.022891
910,-12.073,0.076816,-0.11877,0.037692
1857,-64.757,-4.1588,-0.53419,-0.0086137
591,-9.3089,1.6384,0.199,-0.0099615
263,-17.107,-1.3516,0.073591,-0.014414
1678,-24.735,-4.2721,-0.82017,0.026934
400,-5.2468,2.2945,-0.15486,0.013763
583,-12.772,1.1546,0.11078,-0.0079634
640,-1.5804,2.939,-0.078363,0.064353
587,-43.82,-4.0135,-0.45662,-0.012462
679,-11.3,1.4493,0.090548,-0.0066141
2248,-23.981,-9.7249,0.47132,0.089563
3282,-60.571,-11.298,0.0032978,-0.022506
981,-30.554,-7.1411,0.22744,-0.0098799
415,-13.255,-5.6554,-0.25663,0.031742
719,-47.582,-12.886,-0.26538,0.041647
1991,-14.451,-6.4075,0.10409,0.016796
651,-5.1489,0.13198,0.024596,0.00497
1153,-16.216,1.6767,-0.14156,0.0033618
1867,-39.734,-3.0563,-0.0038909,0.011557
752,-25.945,-7.6699,0.087007,0.047415
483,-11.327,-0.28225,0.10271,0.0192
1826,-43.437,-3.9792,-0.12287,0.079411
333,-5.2922,1.6683,0.058568,-0.00044115
1527,-7.7553,0.8432,0.65415,0.0032925
935,-40.512,-2.1534,0.037264,0.018395
311,-2.1217,0.42706,0.081183,0.011649
2701,-55.379,5.1702,-0.39517,-0.024625
648,-13.736,-5.3057,0.031753,0.040317
1280,-25.184,-3.6455,0.1617,-0.018847
959,-23.994,-24.078,-0.0060899,0.079641
429,-5.2802,-0.13322,0.058839,-0.00026017
495,-20.962,-0.23398,-0.053517,-0.011797
682,-20.617,0.91529,0.0091343,-0.019696
1409,-58.891,-3.9866,-0.047132,-0.0041586
1545,-19.613,3.1711,-0.33501,0.019686
1923,-22.906,2.2461,0.24575,-0.020854
4240,-22.19,3.87,0.70915,-0.031494
586,-6.6648,-1.1037,-0.067358,0.013472
610,-17.809,-4.1274,0.40878,0.03466
839,-31.078,-5.4879,0.26194,0.016206
1023,-19.6,-3.5878,0.23228,0.011365
367,-8.6836,-6.7812,-0.059842,0.024552
344,-5.1653,1.935,-0.14472,0.010567
1182,-3.9823,2.9284,0.4442,-0.0063345
4296,-25.727,-2.1582,0.35348,0.0070999
807,-6.5357,5.7235,0.4769,0.021374
1008,-11.452,-11.252,0.16466,0.05006
1382,-15.961,-2.5308,0.40272,-0.01538
2665,-17.038,-3.6401,-0.16304,0.002333
445,0.96374,-6.4564,0.63145,0.049369
851,-34.665,-16.56,0.059047,0.057139
3030,-19.456,-3.4234,-0.10611,0.028475
2591,-13.534,-7.8639,-0.24122,0.024579
795,-8.7598,-11.761,0.24893,0.06147
544,-3.4648,5.7016,-0.1285,0.066568
1075,-19.36,0.29139,0.17223,0.043254
2760,-23.545,-2.3385,0.4164,-0.027088
414,-4.7868,-5.7605,0.24843,0.018535
1009,-13.823,-10.661,0.19269,0.041268
803,-12.676,-6.6575,0.20422,0.083849
965,-16.885,-8.3295,-0.013848,0.014422
1409,-10.916,2.4977,0.11811,0.03262
739,-8.9691,7.4612,0.21536,0.073243
4454,-25.571,-1.7058,0.15936,0.014772
0,0,0,0,0
527,-5.6284,-1.0347,0.67105,0.0086741
1141,-20.002,-3.9099,0.10016,0.0093762
1469,-17.462,0.39869,0.2955,-0.01385
1278,-13.401,-4.9132,0.063831,0.019404
1226,-31.019,0.53243,0.11371,-0.0014832
743,-5.1669,-1.5714,0.18281,0.0047554
1159,-13.767,-9.3431,-0.011824,0.022065
2089,-22.045,-5.5157,0.24662,0.053989
1351,-3.6576,-3.2744,0.48151,0.026447
43217,-23.341,-18.657,0.63565,0.11027
4180,-39.574,-14.738,0.43351,0.13371
1.5701e+05,-1.9087,5.4618,0.44941,-0.018224
1745,-56.854,-11.666,0.172,0.086621
8911,-36.476,-4.808,0.39272,0.094371
20811,-54.06,-6.7593,0.48586,0.071823
1429,-43.026,-6.6924,0.325,0.11414
1158,-63.541,-0.57877,0.26187,0.032644
3243,-48.359,-6.7266,0.34403,0.066778
2460,-10.656,-7.7078,0.17332,0.11497
1399,-23.686,-12.888,0.3089,0.11499
47519,-26.66,-24.573,0.62655,0.087248
259,6.2379,-7.0183,0.74959,0.034633
8457,-2.0027,-15.656,0.86363,0.076027
1055,-20.522,-6.9295,0.23536,0.11761
69636,-35.529,-6.9332,0.63237,0.050042
27899,-54.399,1.0348,0.12392,0.049996
4062,-25.046,-4.5576,0.22443,0.13767
2176,-17.023,-7.8723,0.068784,0.10715
4679,-33.747,-1.7718,0.0076443,0.046323
16525,-71.646,-5.6289,0.463,0.042995
2347,-34.727,-0.86801,0.117,0.17504
5198,-50.052,-11.324,0.77666,0.059151
7088,-20.474,0.24343,0.048504,0.092639
6878,-25.87,-0.94387,0.078123,0.10652
17742,-39.805,-12.253,0.56018,0.094378
2713,-54.412,-8.734,0.23627,0.058708
1211,-38.717,-3.9892,0.077661,0.067287
10743,-20.336,-12.982,-0.088059,0.056943
28686,-16.458,-9.4253,0.29925,0.098395
78149,-31.882,0.47822,0.23024,0.176
19054,-20.058,-3.5154,0.14542,0.13422
89995,-26.056,-4.4598,0.16996,0.041294
9687,-21.817,-7.9081,0.23388,0.083027
79085,-59.705,-1.5897,0.3219,0.12934
8650,-13.204,-8.7526,0.12041,0.012256
19957,-53.211,-0.68929,0.28837,0.18511
5529,-19.947,-4.9751,0.50679,0.036677
2520,-10.909,0.85139,0.034905,0.086377
41698,-52.688,-5.4398,0.23236,0.23362
9367,-24.191,-12.301,-0.22654,0.06541
4835,-47.764,-9.9425,0.53438,0.14502
2545,-9.7026,-9.1687,0.024398,0.011209
25127,-43.816,-5.5158,0.26838,0.30906
5766,-11.156,-12.224,0.068549,0.015533
5463,-26.049,-1.4201,0.24593,0.11004
4891,-13.158,-19.612,0.91924,0.078457
3330,-14.094,-6.2417,0.083573,0.32473
9290,-45.495,-10.817,0.47547,0.036565
13551,-19.089,-5.5009,0.40581,0.024101
16873,-14.066,-11.973,0.50412,0.15959
2488,-26.319,-5.7912,0.17627,0.2184
4098,-36.925,-2.7074,0.19871,0.22349
1.5399e+05,-30.653,-3.2465,0.10123,-0.039296
3738,-18.074,-1.6345,0.029434,0.19521
3881,-24.736,-23.985,0.41551,0.24283
7672,-27.354,-3.9242,0.11438,0.05766
18281,-12.489,15.232,0.098319,-0.012307
17427,-18.542,13.888,0.090867,-0.0047571
15445,-6.5894,7.4574,-0.10642,0.024137
9225,-12.209,10.074,0.29887,-0.015885
23270,-20.74,18.791,0.16675,-0.014943
32101,-14.847,9.339,-0.0049639,0.02458
27983,-23.272,18.033,0.13642,0.0050157
18897,-15.862,10.913,0.12442,0.0092027
25637,-13.801,8.0107,-0.081466,-0.0068239
20241,-9.741,11.744,-0.35075,0.03003
9848,-18.063,14.349,0.068402,-0.011553
4819,-13.842,6.9445,0.11243,-0.014001
11631,-27.22,10.976,-0.022377,0.0047478
11580,-21.131,18.316,0.13546,-0.0042907
11305,-11.215,10.246,-0.28793,0.024628
6693,-11.287,11.813,0.31052,-0.014748
3214,-15.797,11.584,0.041265,-0.015983
12296,-9.5709,6.9438,-0.0035907,0.0010176
21008,-14.324,11.446,-0.091905,0.14181
12788,-6.9281,7.2609,-0.035992,0.11511
8696,-10.713,9.0437,-0.018697,0.0018812
4923,-16.988,10.235,-0.18933,0.00015804
8930,-10.13,6.214,-0.035401,0.0043856
4081,-3.9728,7.6889,-0.2863,0.12323
17430,-14.094,7.824,0.10441,-0.0023402
4409,-12.776,12.602,-0.028218,-0.0035097
7295,-8.7992,6.344,0.052135,0.019388
7852,-9.551,6.956,-0.020352,0.01275
5292,-16.627,12.106,0.058858,-0.017139
7303,-17.474,13.77,-0.28,0.0036615
5859,-9.5879,9.4289,0.0074422,0.014001
5513,-6.7169,7.0624,0.13793,0.010286
7991,-6.9214,10.053,-0.11371,0.058633
17458,-13.81,10.437,-0.052502,-0.010997
7102,-12.253,11.575,-0.29441,0.057579
4402,-19.904,16.144,-0.072545,0.057302
2888,-13.816,10.167,-0.036681,-0.010784
8630,-22.843,15.414,-0.32629,0.0024314
5520,-16.171,13.082,0.12381,0.024049
2482,-11.476,10.97,0.21642,-0.0036033
17583,-20.647,7.876,-0.092122,-0.021399
17202,-16.965,14.959,0.0014636,-0.0099496
12890,-12.168,9.0193,-0.31864,0.10833
1139,-16.39,9.5274,0.23608,-0.0085121
10990,-19.275,11.047,-0.10904,-0.0018775
13356,-15.45,9.7362,-0.052334,0.0032161
7374,-15.079,5.8213,-0.30372,0.06917
24166,-2.9294,7.4142,-0.16899,0.052326
6262,-10.033,5.3244,-0.018134,0.015702
13256,-6.8081,7.4372,-0.7348,0.24686
22123,-7.3078,9.1812,-0.20692,0.16088
7203,-30.859,10.687,0.13907,0.033206
9420,-8.0114,4.7441,-0.21514,0.0099923
27829,-18.752,12.185,-0.5216,0.17738
6992,-9.363,6.8063,-0.12786,0.06688
7769,-5.3715,5.2885,-0.25044,0.10769
19187,-10.234,3.3872,0.035363,-0.0024453
13316,-12.045,3.5689,-0.025937,0.011004
18235,-11.337,4.5275,-0.15484,0.035848
6811,-8.2729,6.0194,-0.079755,0.061655
13456,-13.737,6.0838,-0.21841,0.0082283
27089,-13.142,6.2074,0.021192,-0.0087022
12156,-6.1847,4.4116,-0.19725,0.044879
3871,-3.2568,1.4645,-0.33112,0.13534
11154,-14.116,4.3118,0.031481,0.039124
42648,-7.3329,5.4265,-0.030796,0.023976
11742,-53.451,15.787,-0.037532,0.058066
2938,-9.1232,3.3109,0.033184,0.018102
29953,-16.249,5.0625,0.0090589,0.015486
33779,-9.2737,4.4047,-0.0033498,0.024159
28072,-1.7552,1.1112,-0.14454,0.14062
13809,-6.0905,7.3923,-0.22769,0.079285
25357,-12.254,6.6871,-0.16025,0.011883
15341,-12.703,5.9329,-0.55365,0.091376
2259,-8.7068,0.98082,0.039311,0.0078087
11834,-15.727,10.791,-0.18519,0.086713
34061,-11.8,7.3235,-0.37307,0.036341
27500,-22.595,12.194,0.0093365,-0.019127
4191,-12.623,7.4388,-0.35625,0.19152
5801,-4.074,7.7293,-0.20987,0.078048
14450,-16.753,6.4136,0.068557,0.060721
16899,-11.816,0.99958,0.026854,0.02486
17116,-9.6883,-1.3245,0.013446,0.022003
7386,-7.3201,-2.7024,-0.40736,0.067695
6101,-15.923,-0.90684,0.013305,0.068518
10145,-33.38,0.81009,0.063423,0.064187
4402,-27.173,-5.1079,0.18138,0.1156
4868,-15.214,0.44752,0.02295,0.16624
15064,-17.029,-1.8508,-0.0011982,0.062526
7914,-9.2683,0.47584,-0.005892,0.048317
6620,-8.293,2.7707,0.0081883,0.064065
8330,-8.544,8.9567,0.01944,0.1233
12053,-9.8159,1.803,0.010998,0.047898
4063,-26.606,2.9896,0.00012267,0.15261
8430,-15.971,2.5635,0.16334,0.17946
7353,-19.892,1.8019,-0.076708,0.070307
5979,-0.28826,4.8212,-0.084153,0.086498
6329,-11.561,-1.0234,-0.071415,0.048429
5697,-15.118,-3.6712,-0.07396,0.14487
5826,-28.389,-5.348,0.022558,0.10322
6051,-23.608,2.177,0.061338,0.068577
9854,-9.4101,-3.8665,-0.024765,0.093804
5725,-37.384,-1.4152,0.07007,0.11469
11767,-23.973,4.9261,0.04288,0.028985
9409,-14.653,1.3645,-0.11022,0.0090532
5485,-11.405,1.7344,-0.0010034,0.060141
10624,-15.741,-2.6508,-0.0024259,0.012268
16112,-20.568,3.5751,0.060657,0.037407
2548,-14.135,3.5844,-0.041181,0.038844
4223,-19.404,3.7005,-0.17853,0.02589
9112,-24.721,2.1671,0.12094,0.05947
9271,-21.988,2.5366,-0.072912,0.044141
8658,-26.661,4.277,0.0084262,0.029878
7648,-12.56,3.4069,0.064623,0.020806
6433,-12.119,-8.3954,0.13408,0.22471
3981,-10.647,3.1468,-0.088917,0.079244
7928,-23.366,1.4749,-0.13046,0.049945
10505,-19.684,3.2143,0.034257,-0.00021318
2975,-18.153,-0.54761,0.034047,0.028944
7906,-17.809,1.3129,0.027031,0.059133
13099,-24.281,0.10374,0.083669,0.027439
7974,-17.112,1.8139,0.0095972,0.068471
12280,-33.767,0.66932,0.11455,0.07648
5572,-18.934,7.4783,0.046354,0.05007
6123,-10.164,7.5527,-0.011351,0.015106
14393,-9.8685,0.54093,0.03121,0.016676
10941,-18.462,1.7118,0.14283,0.04762
7977,-23.001,7.1664,0.061825,0.044208
10931,-7.0689,0.84681,0.020514,0.01316
15355,-12.002,5.1971,0.10527,0.14698
12449,-18.21,2.682,0.043628,0.10381
9183,-11.296,0.82322,0.026565,0.037478
15038,-5.5036,6.3563,-0.088677,0.043042
9542,-9.3533,4.0807,0.031565,0.039126
12577,-24.733,2.9483,0.060164,0.075551
5532,-25.842,0.66544,0.078572,0.17574
16928,-12.064,6.1489,0.049456,0.044235
8272,-14.506,8.1639,0.10272,0.041564
8974,-16.267,7.9396,0.13952,0.0341
6841,-24.705,8.1698,0.15205,0.10737
4977,-7.124,2.3884,0.023244,0.090399
5638,-28.502,6.4098,0.1762,0.048588
4224,-13.416,4.9918,0.043194,0.024233
5877,-54.346,7.0291,0.21895,0.069814
4788,-11.87,2.6228,0.034201,0.21958
11138,-13.531,1.8305,0.052124,0.044391
13815,-39.316,2.906,0.23569,0.049232
7436,-13.571,2.2891,0.041273,0.010589
5541,-13.85,1.4823,0.026856,0.031337
5913,-33.446,8.0291,0.18358,0.041304
4877,-14.124,-4.127,0.13771,0.041062
8321,-13.407,3.0203,0.10116,0.19655
5604,-8.0044,4.9108,0.039521,0.050354
3452,-2.9479,8.9931,0.32533,0.16775
7703,-10.318,-0.60571,0.065698,0.05084
6273,-15.624,6.4989,0.12916,0.19515
10588,-9.0144,3.5238,0.074757,0.20195
7979,-22.29,0.24587,0.19786,0.084223
13021,-18.77,-5.0685,0.035413,0.078141
7482,-17.971,3.6734,0.066428,0.026436
4165,-23.677,-2.1661,0.37205,0.033916
2277,-10.226,-4.9916,0.30311,0.075796
8636,-18.403,-4.1918,0.032229,0.056688
4092,-4.4118,-3.2352,0.081811,0.14347
889,-3.4714,-1.9077,0.072322,0.045504
12615,-13.126,-0.18965,0.069152,0.03513
28416,-30.905,-2.0629,0.31798,0.34927
5369,-5.966,-1.1243,0.0098962,0.015452
2923,-5.0513,-2.2571,0.0088,0.0043039
3381,-16.465,-2.8436,0.33491,0.16896
10171,-21.336,-7.413,0.73253,0.28563
6024,-2.6911,-0.7718,0.015246,0.0098891
698,-5.8288,-27.203,0.060053,0.20412
2828,-19.779,0.91484,0.095589,0.048846
2038,-15.232,0.017338,0.041522,0.004268
14525,-3.4259,0.00043278,0.010325,0.029949
1881,-10.152,-10.998,0.2278,0.35937
749,-1.3375,-1.3288,0.2648,0.21755
20748,-4.8058,-0.35874,0.01428,0.010639
949,-5.1766,-19.22,0.64684,0.2891
1315,-5.9267,-16.362,-0.076959,0.22429
24783,-15.466,1.1162,0.042723,0.029029
5597,-3.6048,-6.1981,0.31816,0.13534
827,-0.20805,-6.5722,0.3081,0.040863
2017,-5.3299,-4.1075,-0.073426,0.12427
1403,-11.18,0.95667,0.090864,0.023403
622,-8.359,-11.127,0.64576,0.0024348
1131,-8.9768,-34.931,0.075742,0.069581
2815,-18.966,-17.825,0.17502,0.087217
1299,-22.664,-7.5723,0.20482,0.14216
16371,-17.834,0.18511,0.073563,0.045481
1631,-4.5085,-13.664,0.28227,0.2154
1793,-3.5872,-0.63083,0.00017149,0.0094184
8606,-8.4885,0.23466,0.085056,0.061005
8523,-12.181,-1.8579,0.044065,0.027313
3889,-3.1944,-2.4934,0.083719,0.093767
481,-9.936,-10.585,0.52101,0.21692
2202,-44.609,-28.258,1.6019,-0.04085
6409,-8.8063,-0.50163,0.015781,0.14367
2454,-11.582,-47.411,-0.046879,0.37692
1463,-15.825,-6.5885,0.043737,0.36559
3052,-14.148,0.30111,0.036824,0.052432
1887,-15.324,-2.4944,0.053929,0.22519
2870,-7.0511,-5.9488,-0.0037637,0.11588
4158,-5.0736,-0.36285,0.013801,0.023593
8701,-4.9765,0.11424,0.013543,0.026502
3382,-17.863,-0.11707,0.049391,0.04262
4088,-6.145,-2.8623,0.04514,0.069601
5821,-8.4357,-0.6471,0.021549,0.072035
5320,-21.953,1.9747,0.067397,0.028493
5825,-56.727,-0.90099,0.16317,0.048804
4139,-3.3388,-2.6,0.17444,0.033439
1625,-4.5461,-2.3258,0.11167,0.0047495
4184,-31.457,2.7642,0.085927,0.12601
6129,-21.293,-6.3291,0.063099,0.1552
2851,-8.019,-2.7183,0.20447,0.026289
5613,-3.7718,-2.353,0.028512,0.22858
2983,-18.521,0.0095624,0.075742,0.19914
3541,-8.7804,-4.3787,0.065521,0.043124
8174,-13.049,-3.2169,0.016189,0.024481
5647,-14.943,-3.3814,0.018814,0.44208
1036,-24.04,-6.2393,0.26165,0.066504
7137,-22.682,1.3473,0.054201,0.12175
1401,-6.8339,-14.594,0.075894,0.49099
2832,-12.752,-0.52738,0.037006,0.031193
11919,-12.571,-2.7917,0.04129,0.021182
6454,-21.895,-0.87904,0.21351,0.090674
18319,-6.4748,-0.52348,0.017483,0.0042157
3829,-5.3425,-1.5862,0.01345,0.049526
8535,-10.73,-0.13927,0.026505,0.026408
11385,-45.536,-4.7532,0.084223,0.33173
5485,-3.7358,-4.2841,0.18261,0.24466
5840,-8.5759,-1.0065,0.025052,0.087796
9260,-27.443,-0.34882,0.07459,0.10913
943,-13.094,-15.565,0.4547,0.37
2244,-4.4262,-6.2607,0.4963,0.32632
4982,-11.604,-1.1714,0.021366,0.086619
4726,-22.462,0.3448,0.096036,0.1003
2223,-10.203,-15.791,0.50068,0.27246
8208,-4.4863,-0.45928,0.034678,0.10259
14352,-15.753,6.24,0.072751,0.059791
8328,-10.87,-6.1169,0.1769,0.036875
20746,-10.552,5.9822,0.33198,0.033468
21045,-9.768,2.6836,0.04766,0.079333
8271,-9.3668,1.6211,0.43165,0.050162
14721,-42.968,1.9053,0.67845,-0.042209
10960,-22.433,3.6007,0.45262,-0.010765
21167,-19.612,6.2617,0.34096,0.047443
21907,-12.359,1.9434,0.29651,0.048718
25568,-25.946,-5.7927,0.54161,0.022445
22691,-9.3831,-0.1246,0.29092,0.074431
31158,-30.091,7.0924,0.3552,0.044062
22951,-10.388,5.3213,0.23618,0.045422
7714,-22.707,-2.6663,1.0035,-0.026229
9068,-14.261,7.5868,0.57865,0.024579
14432,-15.447,4.9301,0.54506,0.03326
13428,-11.536,6.4939,0.14994,0.071321
10499,-25.185,-10.02,0.20272,0.056158
9078,-10.505,-2.3852,0.45416,0.092334
12395,-13.009,-2.4789,0.14096,0.082172
13576,-37.314,-4.6377,0.1507,-0.0016772
14167,-26.082,-6.0837,0.33253,0.026318
10562,-15.845,3.2022,0.22581,0.075815
24665,-16.149,3.5485,0.15201,0.094327
16189,-46.058,2.629,0.083533,-0.024112
10988,-29.169,6.4539,0.51489,-0.004068
43429,-25.059,-1.8995,0.082028,0.079081
24036,-17.676,0.73871,0.072164,0.074709
14212,-21.222,1.4003,0.15525,0.032163
17202,-23.639,-2.4315,0.090537,-0.0048286
17223,-24.5,9.368,0.56488,0.025794
26552,-40.806,9.8005,0.51965,0.020831
11187,-22.911,4.3016,0.12989,0.025495
9784,-48.877,-0.45488,0.42022,-0.039841
9916,-20.49,6.0746,0.31176,0.027292
15502,-33.866,3.9849,0.506,0.0058689
9436,-17.31,3.6984,0.19912,0.069236
13823,-21.67,-4.2177,0.25342,0.037041
17536,-16.66,0.45613,0.079332,0.10336
26060,-13.776,-3.1375,0.059136,0.10664
14402,-39.451,-1.8773,0.61323,-0.020373
3750,-20.58,-1.3747,0.35017,0.012284
1749,-27.566,-0.056205,0.26979,0.025212
6942,-21.765,-1.913,0.67635,-0.012922
5759,-28.418,-3.359,0.56165,-0.024357
2678,-19.392,2.3707,0.76999,-0.027716
5467,-20.035,-8.4068,0.98522,-0.027271
3349,-18.05,-4.2617,0.71301,-0.021647
4286,-11.644,-1.391,0.9172,0.036399
3128,-21.028,2.449,0.16457,0.083822
4855,-23.096,-6.3265,0.89244,0.012241
2601,-14.745,0.545,0.21019,0.15801
1284,-8.1567,-2.8859,0.52615,0.052665
2854,-29.219,2.3212,0.43489,0.087177
2819,-25.868,-7.059,0.51932,0.010242
6192,-32.495,-0.38214,0.87763,0.019757
2629,-12.224,-4.648,0.82503,0.047635
2959,-18.438,-0.67124,0.90196,-0.010794
2366,-30.117,-2.9795,0.4007,0.057983
4765,-21.756,-2.2208,0.40677,0.11088
2973,-15.707,-4.6878,0.55857,-0.0035218
2903,-15.812,1.1704,0.14095,0.091923
3626,-26.927,-1.1009,0.30459,0.036424
1665,-32.5,-0.20563,0.29554,0.066635
1582,-12.009,-4.2637,0.52037,0.12948
5135,-21.667,-2.582,0.46609,-0.022154
1763,-20.863,-5.3411,0.95863,0.0032844
1378,-28.484,2.9446,0.68475,0.1149
2763,-17.127,1.041,0.28856,0.14547
3269,-20.714,3.3808,0.36201,0.063349
4175,-18.787,-1.0655,0.5909,0.038096
4695,-24.605,5.3504,0.46631,0.18075
1532,-10.163,0.55758,0.27741,0.2314
1676,-10.596,2.1978,0.25508,0.13838
2503,-28.563,-1.1796,0.19171,0.065648
3322,-23.757,-4.5201,0.55694,0.19813
2139,-9.1209,-4.426,0.81687,0.10767
3590,-16.096,3.7963,0.20016,0.15015
4381,-32.223,3.6286,0.32048,0.064992
3200,-21.36,5.1114,0.74188,0.17561
7908,-28.045,4.9778,0.54264,0.03328
3250,-9.6873,2.4417,0.26008,0.17086
3253,-20.091,-4.1593,0.68042,0.017107
2862,-13.419,-3.6563,0.55024,0.0063536
2181,-7.1434,-0.5686,0.26646,0.020141
5879,-19.209,9.8818,0.42694,0.11254
5793,-33.088,-0.42005,0.51339,0.0034996
2565,-6.896,-4.8379,0.61355,0.017047
3651,-28.48,1.7701,0.57172,0.078257
1944,-20.278,8.4659,0.63635,0.048329
1020,-10.78,-0.58517,0.40431,0.062544
3383,-22.904,-5.7485,0.70718,-0.0049566
2207,-24.161,2.8035,0.15554,0.13569
3701,-24.923,6.3786,0.23614,0.098269
3867,-20.969,0.57265,0.60074,0.034106
7286,-13.534,-2.4539,0.5764,0.097121
3651,-16.148,-5.3546,0.8025,0.038625
1629,-12.086,9.2887,0.62031,0.10647
5002,-25.845,-1.1992,0.80721,0.010305
14760,-23.853,-3.9726,0.29837,0.05371
2276,-11.146,-5.4947,0.70065,0.011273
4637,-30.839,8.2879,0.89209,-0.047403
7318,-15.423,2.7744,0.076221,0.031228
11719,-29.725,-1.2962,0.3292,0.11532
1250,-10.528,-2.2958,0.5888,0.12075
2595,-30.665,3.79,0.47069,0.001126
6544,-20.087,0.81703,0.66295,0.0083027
4023,-11.964,-1.4047,0.56465,0.081062
2543,-10.365,-6.2973,0.12649,0.0096565
1841,-32.595,2.8701,0.14614,0.073201
2016,-23.843,0.040924,0.67298,0.0098181
3279,-21.163,-1.0418,0.96607,0.016823
2108,-16.292,-3.0534,0.36244,0.089531
2392,-18.279,8.6526,0.76687,0.038102
3575,-19.189,0.89079,0.28409,0.051963
1032,-5.7066,-3.5179,0.50136,-0.0095319
1436,-29.992,-5.4557,0.35981,0.0079985
2075,-19.385,3.1324,0.30549,0.10117
2279,-34.419,0.66016,0.96006,-0.0044129
4229,-19.065,-0.20579,0.74131,0.04657
6469,-27.394,-5.0215,0.51116,0.095623
3653,-16.523,-4.5417,0.53477,0.026157
5529,-33.468,-8.3848,0.70815,0.036431
3162,-38.45,-4.5392,0.28187,0.048232
1600,-12.46,-3.9775,0.32406,0.052522
2372,-21.6,-3.3738,0.6627,0.032091
7161,-44.966,-4.6653,0.30515,0.057824
2675,-17.986,-7.8028,0.52104,0.024524
2822,-20.392,-5.2811,0.30539,0.027701
3506,-24.717,-3.7522,0.34114,0.0090794
2242,-31.727,-3.0029,0.50688,0.020516
2229,-39.702,-7.5781,0.33593,0.010493
3071,-28.812,-0.79738,0.11563,0.015717
2032,-21.648,-2.7345,0.66181,-0.0099446
3230,-47.549,-7.6318,0.4052,0.034738
1777,-50.504,-7.8383,0.51429,0.032982
2017,-12.72,-8.9948,0.68652,0.032379
2475,-29.17,1.1458,0.55399,0.013384
2226,-67.201,-4.7657,0.38958,0.050243
4047,-92.082,3.3841,0.25149,0.039459
2821,-23.066,-4.6161,0.41673,0.07876
3900,-21.902,-3.7743,0.28574,0.035163
3814,-31.037,-5.5363,0.47679,0.050239
3182,-10.277,-2.9362,0.38555,0.090492
1754,-18.34,-5.7903,0.22534,0.090177
3325,-37.083,-0.91692,0.51508,0.0014584
2132,-23,-7.5289,0.49266,0.020731
3774,-27.781,0.094937,0.045166,0.023035
1685,-17.002,-6.4245,0.47365,0.18447
765,-16.241,-1.2879,0.23805,-0.018111
2779,-28.907,-3.3084,0.12908,0.052527
1975,-38.875,-4.5698,0.25907,0.09284
3575,-21.235,-5.6351,0.15932,0.051524
3424,-40.425,-0.88048,0.22929,0.061239
5514,-20.797,-4.0323,0.29397,0.088823
9824,-46.416,-0.42635,0.29006,0.18856
5253,-31.988,-2.0257,0.22038,0.18914
5469,-39.765,-2.4359,0.57213,0.018022
2385,-47.927,-4.5446,0.3681,0.24355
2821,-27.011,-7.8749,0.51231,0.1273
6652,-89.795,0.96564,0.40676,0.024467
12072,-51.617,-0.51284,0.25419,0.20214
6460,-35.897,-9.2374,0.095098,0.066234
7646,-93.416,5.204,0.32167,0.23551
4388,-35.573,4.5493,0.12854,0.20856
6980,-41.396,1.2983,0.18746,0.22746
5832,-20.146,-2.0086,0.060161,0.071187
2620,-53.738,1.3348,0.15733,0.14812
3072,-72.505,0.21838,0.31527,0.043786
2247,-25.889,-0.54919,0.11628,0.14437
5995,-100.94,-29.582,0.91365,0.043848
6034,-63.581,-4.2178,0.1341,0.14115
4179,-65.795,5.8256,0.1786,0.091378
2970,-55.811,5.227,0.17305,0.12263
7603,-71.513,-1.4827,0.20703,0.22975
10599,-50.437,-1.7804,0.17759,0.071559
6632,-58.09,6.3616,0.17453,0.060818
2012,-32.249,4.3359,0.085988,0.021407
3068,-25.68,2.3863,0.11014,0.086251
7347,-15.604,1.1901,0.046918,0.03418
4669,-49.812,1.3992,0.30384,0.026148
4172,-35.648,3.1076,0.2038,-0.024999
2237,-74.14,-3.3339,0.2922,0.1053
5481,-77.044,0.35235,0.36003,0.037329
6477,-25.318,-3.6114,0.24623,0.069851
2383,-93.24,7.3431,0.14044,0.0048318
10206,-117.29,-4.409,0.46804,0.061968
3715,-45.921,3.1217,0.1427,0.044217
14438,-22.184,-1.6205,0.1561,0.19338
5736,-83.808,6.1123,0.52068,-0.034767
3551,-25.982,-0.097341,0.075218,0.14427
8748,-66.858,1.9193,0.6005,-0.0069456
7890,-17.301,2.3766,0.12433,0.019295
6859,-76.836,4.4853,0.32781,-0.0081744
3213,-40.94,3.3591,0.25853,0.16028
3834,-67.603,-1.8076,0.30421,0.176
11181,-50.813,7.1102,0.14859,0.11199
9900,-16.3,1.344,0.042876,0.039837
15155,-40.194,6.3107,0.11209,0.019655
16691,-48.307,-0.049979,0.05356,0.12453
8117,-25.247,-4.8592,0.42424,0.034603
5029,-10.704,-0.19618,0.24481,0.049959
6193,-19.308,3.2041,0.22512,0.10392
11861,-17.225,-0.67978,0.60093,0.096608
12512,-17.964,3.4675,0.11416,0.10861
11087,-30.781,-1.4293,0.5552,0.0095424
18754,-29.186,1.0692,0.10636,0.0033693
6970,-11.224,-2.4953,0.16365,0.060867
5268,-12.345,-2.9625,0.21489,0.06231
21309,-7.7748,0.97595,0.41786,0.083247
6121,-13.698,-0.34269,0.39615,0.063077
2518,-21.672,1.4355,0.47356,0.025837
2262,-7.3545,-3.0016,0.29584,0.11921
2474,-10.136,4.404,0.049756,0.066382
9257,-14.566,-6.1654,0.68151,-0.0057963
4590,-20.967,9.2831,0.50696,0.12618
3377,-4.757,-0.56471,0.10145,0.13228
7567,-6.8081,1.7965,0.2954,0.15899
6838,-20.743,-1.6131,0.2744,0.055922
1395,-34.889,-0.65584,0.6564,0.014708
2187,-12.686,-3.7551,0.048425,0.046416
14528,-28.511,1.266,0.67865,0.050858
10111,-40.976,0.75387,0.40697,0.089699
9001,-29.387,-1.7456,0.27267,0.18141
6519,-21.203,-10.767,0.69682,0.15723
7769,-25.269,-0.59431,0.5653,0.044419
14570,-10.008,-2.0287,0.032159,0.011719
7796,-13.76,-0.021502,0.043295,0.041482
4800,-6.3236,-4.8304,0.46167,0.074322
9116,-24.823,0.19255,0.28538,0.036986
8979,-9.1197,0.44863,0.38126,0.014087
3667,-23.872,-1.2842,0.35923,0.17023
3700,-14.334,-3.5885,0.16672,0.061086
8905,-19.157,3.3282,0.72357,0.15054
7867,-19.14,1.0575,0.55085,0.16193
5310,-21.892,1.7769,0.096327,0.033611
5593,-4.4418,-3.6182,0.47618,0.15274
6904,-19.885,0.94677,0.43578,0.051153
17407,-12.471,-1.4658,0.090561,0.0010674
4381,-7.5172,-0.93197,0.078009,0.032573
0,0,0,0,0
0,0,0,0,0
0,0,0,0,0
0,0,0,0,0
0,0,0,0,0
0,0,0,0,0
0,0,0,0,0
0,0,0,0,0
12104,-18.332,0.29966,0.28429,0.040837
6457,-11.901,2.5273,0.062648,0.012041
10275,-24.778,1.9512,0.14101,0.069456
6230,-7.8846,1.2938,0.029237,0.034076
11243,-12.569,0.11439,0.026901,0.043534
14132,-22.121,0.42417,0.066803,0.012226
14105,-7.6853,0.23077,0.025078,-0.0074696
8326,-10.291,0.14627,0.023069,0.017055
6876,-33.786,3.6544,0.29516,0.073387
26086,-10.346,0.25624,0.05013,0.028526
17468,-11.292,0.2291,0.029517,0.010315
19864,-85.942,5.5219,0.28851,0.071117
8715,-23.98,0.83057,0.31507,0.098032
10185,-7.6304,1.6864,0.076108,0.010717
10520,-15.081,1.9891,0.1301,0.06509
7150,-11.051,2.1513,0.093352,0.020865
1290,-8.1014,0.32735,0.33015,0.099037
6101,-4.362,-0.9128,0.023697,0.010646
13744,-6.5924,0.42259,0.033566,0.010602
8782,-7.768,-0.37277,0.035429,0.017526
4047,-22.017,1.6714,0.08735,0.059119
4335,-14.449,-1.6508,0.38422,0.042194
5383,-59.775,3.4465,0.51383,0.00096427
13455,-17.29,-1.9342,0.03437,0.074444
4513,-8.5226,-1.7356,-0.0018449,0.055171
10019,-6.838,0.69037,0.037783,0.010094
10856,-10.67,1.5805,0.084871,0.0067046
7217,-12.928,1.1875,0.11992,0.030867
7694,-22.673,1.9755,0.060372,0.057298
2517,-25.286,1.4436,0.72964,0.025937
14240,-24.1,1.2419,0.18186,0.032908
8304,-30.122,-4.0045,0.054168,0.048306
2495,-32.423,1.8,0.45693,0.061819
4853,-30.469,6.7857,0.50204,0.057414
6959,-15.934,0.15923,0.80546,0.057326
2445,-10.428,0.78364,0.03349,0.0039659
3435,-18.752,1.776,0.20757,0.053004
4672,-33.409,3.1032,0.18224,0.015244
12860,-16.35,1.5937,0.14519,0.018515
3796,-14.632,-0.35827,0.071686,0.029555
73935,-39.779,-10.91,-0.52382,0.068596
13954,-37.919,-7.6811,0.58137,0.06831
60728,-23.124,-10.031,0.78606,0.026946
43656,-19.423,-1.2222,0.45974,0.07774
17227,-35.796,-4.4259,0.42994,0.13776
63766,-28.912,-2.1089,0.095747,0.16499
51043,-13.56,-5.7101,0.32213,0.18993
14766,-23.305,-4.5261,0.548,0.033943
14553,-60.014,-4.2827,0.60073,0.029274
16817,-17.496,-5.9567,0.17427,0.071049
15947,-23.477,-10.25,0.6157,-0.015245
29316,-22.745,-5.3804,1.0115,0.025267
6094,-42.754,-8.4507,0.46363,0.026718
10653,-44.835,-6.6516,0.24403,0.15043
6618,-14.369,-13.257,0.84855,0.040267
24362,-24.301,-5.7098,0.78902,-0.025743
1400,-44.684,-1.4026,-0.075111,0.054144
55925,-24.822,-14.506,0.39234,0.12408
16204,-23.76,-12.896,0.97505,0.024503
25034,-34.727,-0.94043,0.37499,0.11648
6969,-40.248,-9.4399,0.18797,-0.013151
6012,-23.042,-8.5742,0.24603,0.090201
39682,-19.282,-9.8173,0.65404,0.072293
23788,-23.408,-4.3814,0.59021,0.10011
7045,-121.34,0.40898,0.29608,-0.081755
16624,-43.584,-2.3026,0.20893,0.11505
26831,-17.364,-11.188,0.71573,0.03186
5800,-34.737,-4.4807,0.80665,0.017096
6671,-37.075,-8.7561,0.38798,0.075833
3112,-46.166,-4.1643,0.038415,0.032423
9577,-22.07,-6.2325,0.5537,0.065728
4479,-28.011,-5.3707,0.64696,0.017805
1214,-67.159,-7.4802,0.034081,0.025882
4568,-46.261,-8.1342,0.32828,0.01055
48402,-23.643,-6.3206,0.82167,0.0018571
20033,-38.091,-6.1295,0.64904,0.019061
5695,-30.115,-8.3517,-0.20459,0.021216
5197,-41.237,-9.2946,0.36247,-0.0097804
19518,-21.354,-7.9754,0.58813,0.0040152
11985,-29.496,-8.4989,0.87129,-0.0061147
2167,-38.493,3.4255,0.084611,-0.0047978
9284,-13.526,-7.0034,0.083381,0.031789
14766,-33.193,-6.5563,0.351,0.021277
16121,-17.178,1.9851,0.26341,0.048682
3814,-27.849,-7.2809,-0.049601,0.040987
25002,-17.286,-0.39287,0.037316,0.10324
26989,-14.731,-10.268,0.58504,-0.0098009
9908,-40.563,-2.5879,0.48836,0.041822
580,-22.835,-5.8723,0.19311,0.054304
1779,-13.052,-5.0276,0.13929,0.034149
48663,-30.342,-4.7953,0.33638,0.010235
12729,-31.662,-2.4756,0.41481,0.028976
855,-32.888,-3.7774,0.17284,0.038927
6594,-22.67,-8.5352,0.31366,-0.0058631
24845,-29.635,-7.4748,0.52496,-0.0019448
32820,-43.428,-0.23173,0.62354,-0.023265
3034,-33.43,-0.92889,0.14497,0.071382
5387,-11.149,-6.7951,0.23064,0.036555
31291,-19.586,-6.3089,0.80811,-0.0015694
13468,-22.207,-1.9934,0.37601,0.024096
12552,-80.98,-1.1292,0.36523,0.0088931
5575,-19.153,-6.9179,0.23334,0.050082
13085,-24.249,-6.5607,0.040279,0.026691
10078,-17.297,-2.2419,0.49106,0.0088238
2041,-28.443,-4.668,0.32122,0.024884
9942,-15.81,-0.55788,0.27582,0.020708
11361,-16.969,-7.9111,0.36709,0.048733
31919,-39.651,-7.1417,0.43608,0.066552
2144,-37.393,-3.2658,0.17451,0.038218
25634,-22.059,-6.0922,0.27482,0.036049
13658,-17.253,-12.046,0.55865,0.023771
22006,-12.535,0.073578,0.36495,0.041374
10116,-12.26,-5.7364,0.31237,0.014148
18020,-5.4892,0.47067,0.40789,0.011112
7971,-39.697,-7.8811,0.33637,0.038065
9833,-24.243,-3.6504,0.46694,0.027753
1608,-94.949,0.45714,-0.22726,0.10932
4582,-10.308,1.0739,0.25704,0.14704
6349,-17.592,-7.6502,0.59177,0.071659
14744,-17.258,-3.4281,0.26519,0.046482
7482,-13.571,0.71032,0.16403,0.008593
1731,-16.375,-1.7155,0.41795,0.050479
1751,-11.523,-3.0693,0.38042,0.025552
3989,-6.1948,1.1858,0.029498,0.0016086
3892,-10.685,-6.1916,-0.036245,0.0034349
3376,-14.223,-0.88853,0.075259,0.023075
15141,-15.13,-4.5212,0.23064,-0.017878
3419,-5.7623,1.1573,0.080865,0.00052239
6635,-16.283,6.5283,0.15813,0.029204
2646,-11.692,-1.8463,0.080476,0.013143
8251,-11.462,-5.2438,0.1609,0.010632
6399,-15.506,4.1777,0.11592,0.047875
6140,-16.769,0.35019,-0.0066551,0.0080195
2188,-19.534,-7.0107,0.16969,0.004643
10599,-15.063,-6.6634,0.10825,-0.006246
2698,-13.35,6.5648,0.13718,0.053358
3227,-10.915,1.3547,0.08263,-0.0015342
2304,-26.236,1.08,-0.034852,-0.0082005
4003,-15.955,-1.212,0.16303,0.0069435
1236,-14.023,4.8338,0.13607,0.083193
2530,-17.412,0.01073,0.034155,-0.001158
1371,-12.71,6.825,0.088481,0.061071
7693,-15.281,-5.0446,0.1417,0.0029341
2197,-8.2318,4.3225,0.046627,0.096811
4761,-20.386,2.6989,0.23281,0.019779
4540,-21.646,-3.3069,0.1897,0.026494
12220,-17.357,-6.9746,0.35219,-0.011574
7358,-16.854,2.4405,0.10998,0.018432
8678,-10.839,1.2644,0.076921,-0.0066389
2402,-14.572,-2.2871,0.054934,-0.0022546
17634,-16.388,-4.8545,0.18982,0.0034468
7936,-11.592,3.8985,0.18412,0.05178
4631,-16.916,-0.19342,0.20241,0.010214
7307,-24.177,-4.1553,0.23664,0.010323
5227,-18.08,-5.3015,0.17912,-0.016958
3430,-24.003,-5.6188,0.12563,0.0074403
2408,-17.55,-0.31742,0.14379,-0.0079698
4033,-15.201,-0.6262,0.26486,0.0073019
6457,-14.416,-2.2937,0.48881,0.019206
1995,-19.181,6.7661,0.19357,0.076803
2800,-13.852,1.7724,0.39436,0.027552
3443,-8.9274,2.4267,0.33279,0.046167
2809,-14.024,0.24982,0.48357,0.013488
2358,-31.027,5.6751,0.18223,-0.035695
1918,-24.691,2.5633,0.21157,-0.019815
933,-6.3256,13.145,0.19156,0.065452
1038,-12.19,-5.7808,0.18541,0.02086
8027,-12.779,2.4575,0.13729,0.014095
4054,-44.154,-2.6864,0.070559,-0.032757
809,-8.3622,8.573,0.28867,0.0072896
1644,-40.865,-3.1496,0.37278,0.047563
1668,-19.222,1.5013,0.16525,0.03436
2318,-60.056,6.5293,0.10883,-0.0032065
1463,-14.855,8.3616,0.17962,0.050275
2374,-15.58,-3.4075,0.1092,0.025877
16729,-32.427,-0.76704,0.072262,-0.0025447
2374,-14.864,3.8138,0.27135,0.025416
1284,-18.583,2.8955,0.13482,0.043086
2495,-18.803,-0.04576,0.29733,0.026331
5275,-26.894,1.4476,0.066655,0.029813
1378,-21.936,8.4855,0.25176,0.049562
3380,-22.436,-0.88716,0.18074,-0.0041155
4200,-15.832,-3.1884,0.26528,0.0087935
2241,-29.788,2.7835,0.2217,0.031806
2074,-61.898,-2.614,0.1515,-0.0077275
1649,-22.649,8.1435,0.43528,-0.0075526
4377,-22.746,-6.9373,0.14398,0.022201
4731,-15.104,7.8181,0.18007,0.050194
2624,-26.674,13.324,0.24161,0.025497
1493,-16.509,-0.43257,0.36107,-0.0068665
3333,-30.409,-4.2024,0.22303,0.022529
2322,-37.909,10.948,0.28191,0.032345
1620,-19.651,1.6259,0.20481,0.012504
1021,-16.051,1.2709,0.41504,-0.013231
4776,-21.831,-4.01,0.44728,0.033575
6095,-12.467,6.7444,0.15424,0.089945
1898,-12.585,5.4479,0.15965,0.0037917
816,-19.129,-1.8254,0.41717,0.019515
1843,-36.031,-2.4503,0.39021,0.012474
1313,-18.261,8.9094,0.2596,0.068573
33336,-33.89,0.24361,-0.045358,0.03139
42518,-21.423,-6.6842,1.1599,0.027555
51912,-21.421,0.42743,0.082069,0.10392
38755,-39.925,-0.74625,0.17884,0.13352
32507,-15.677,-0.61402,0.023327,0.0046432
12290,-23.38,-0.6861,0.20015,0.045852
53928,-17.002,-4.5023,0.18749,0.049514
17013,-38.963,3.4468,0.095411,0.025505
13346,-31.044,-1.6478,0.055063,0.026634
24234,-14.732,0.066143,0.066584,0.042344
34675,-26.28,1.489,0.1779,0.042246
16555,-23.872,1.3291,0.096787,0.04046
18924,-13.414,0.52682,0.043711,0.039966
18443,-13.737,0.19434,0.070098,0.046858
32708,-19.31,-3.5705,0.19144,0.11805
30285,-14.891,-6.1184,0.32707,0.16955
19618,-41.414,-1.2021,0.38687,0.091656
6546,-17.542,0.52144,0.15955,0.029376
23247,-13.87,-5.6739,0.27916,0.17912
13865,-47.225,-4.3641,0.33464,0.10446
9286,-28.246,1.8479,0.21286,0.12627
9395,-19.125,0.67497,0.10646,0.090613
17799,-16.012,0.58426,0.065971,0.073475
23105,-26.55,1.2165,0.10867,0.13632
9257,-48.317,-1.4791,0.21603,0.084051
19349,-28.574,-0.34685,0.36174,0.094491
27507,-20.577,-4.0366,0.21974,0.133
25234,-57.965,2.3086,0.23545,0.13864
8198,-40.325,-1.3528,0.3496,0.043101
11829,-23.386,-0.36716,0.14235,0.063895
20261,-14.656,-11.807,0.81125,0.045547
11259,-75.749,-1.8735,0.7922,0.054983
7204,-43.12,-1.4256,0.39733,0.11652
11270,-24.484,-3.9366,0.53141,0.05897
25871,-17.167,-10.015,0.89163,0.049257
15780,-26.957,-3.944,0.27459,0.071634
22108,-15.134,-0.94328,0.071517,0.061375
7223,-13.157,-0.73898,0.47497,0.12184
20528,-28.068,-2.253,0.22362,0.16271
15407,-62.106,-4.6494,0.6074,0.1565
25510,-34.104,2.1276,0.1434,0.078563
31833,-15.344,-2.5857,0.15769,0.012878
16138,-7.4713,-2.273,0.63688,-0.0011824
12103,-7.393,-0.9438,0.27722,0.040001
20641,-2.5975,-1.4632,0.18611,0.024558
27087,-20.847,2.2542,0.10696,0.064868
26801,-53.913,-14.571,1.4336,-0.049844
36670,-14.76,-4.6726,0.19313,0.02136
7347,-18.278,-3.4799,0.10496,0.025603
14122,-20.96,1.6788,0.16771,0.0020221
27051,-8.6678,0.01428,0.025147,9.7614e-05
7557,-25.343,-0.13794,0.10487,0.13499
19368,-7.85,0.047948,0.024279,0.0080484
21660,-10.596,0.87446,0.04346,0.0035076
26660,-13.303,0.73904,0.11576,0.074672
19059,-17.964,-1.3516,0.14543,0.16245
6929,-6.9907,-0.035738,0.021724,0.0093303
33416,-23.867,-8.3882,0.83856,-0.0089204
10417,-19.506,-5.2399,0.11597,-0.014817
3960,-7.1951,-0.18839,0.18355,0.092433
14144,-5.8554,0.22199,0.017463,0.027939
22402,-11.539,0.43769,0.062856,0.0086101
30060,-19.609,-4.7511,0.28651,0.052246
11486,-20.092,-0.077186,0.044909,0.043089
9871,-5.7429,-1.0129,0.14038,0.0051232
8804,-22.576,2.8419,0.08793,0.0010657
39543,-10.368,-2.3724,0.24472,0.022757
10710,-40.736,-4.2054,0.22622,0.01546
43488,-10.081,-3.6244,0.13659,0.044899
7534,-15.53,-7.4087,0.27928,0.0042868
17442,-14.567,-1.1365,0.17706,0.033661
4150,-4.1823,-1.9431,0.11214,0.072509
3973,-4.8386,0.35944,0.3579,0.10122
18412,-14.335,0.69077,0.074331,0.016951
36284,-11.442,-1.7039,0.14622,0.085633
7502,-2.1794,-1.4182,0.038351,0.094447
13092,-14.209,-5.6563,0.23584,0.070725
9468,-18.434,0.51373,0.092312,0.015856
15022,-22.735,-1.1637,0.10938,0.0060123
10004,-30.433,0.20149,0.0938,0.17377
1410,-14.13,-0.95958,0.12533,0.036005
8753,-23.904,-14.299,0.089679,0.042399
10387,-25.002,-5.2779,0.12642,0.033444
1584,-15.612,3.0407,0.029666,0.02902
4143,-17.614,0.2866,0.033246,0.017203
13312,-32.075,-3.5535,0.20411,-0.0064182
4060,-7.9939,-4.8708,-0.0488,0.041837
2307,-22.748,5.1924,-0.069488,0.04162
1704,-17.737,-5.9377,-0.0072624,0.010745
5580,-23.83,-5.5861,-0.08357,0.023185
3105,-12.98,-4.0299,-0.16305,0.032025
3197,-28.919,-8.1346,-0.34411,0.06498
2363,-11.274,1.4423,-0.11306,0.017898
16020,-32.803,-7.4038,0.13565,-0.0052131
3741,-18.589,-0.55131,-0.0071075,0.02163
3625,-40.755,-1.3361,-0.19873,0.033335
3993,-14.687,-1.7064,-0.17665,0.031004
17187,-24.734,-11.68,-0.16095,0.037468
4115,-32.677,-8.2987,0.064629,0.059521
3365,-15.394,-7.5375,-0.27586,0.073372
734,-8.4776,-3.8127,-0.064218,0.018514
11765,-32.852,-8.203,0.034835,0.00933
5770,-25.1,-9.8264,0.13101,0.038863
4898,-14.508,-10.257,-0.3427,0.071582
1302,-15.329,0.66653,-0.20515,0.012631
0,0,0,0,0
0,0,0,0,0
0,0,0,0,0
0,0,0,0,0
0,0,0,0,0
0,0,0,0,0
0,0,0,0,0
0,0,0,0,0
0,0,0,0,0
0,0,0,0,0
0,0,0,0,0
0,0,0,0,0
0,0,0,0,0
0,0,0,0,0
0,0,0,0,0
3848,-40.79,-4.4261,-0.16529,0.051459
9803,-30.621,-18.016,0.022432,0.011953
1688,-29.514,-10.889,-0.070087,0.052687
972,-33.847,-9.2561,-0.37673,0.058015
4850,-18.148,-8.8512,-0.64073,0.067277
8605,-29.973,-12.074,-0.20008,0.047914
2894,-20.734,-17.382,-0.23355,0.076916
2188,-20.865,-16.031,-0.67742,0.09684
5456,-13.577,-14.743,-0.98697,0.092865
4915,-56.189,-20.51,-0.48386,0.041763
3301,-25.844,-14.129,-0.30986,0.073059
2560,-23.304,-0.27773,-1.1019,0.083511
7279,-17.302,-5.6958,-0.71489,0.069806
7839,-24.567,-19.154,-0.50041,0.070404
6447,-18.75,-22.03,-0.50555,0.072056
5256,-30.785,-10.494,-0.48273,0.093247
10051,-21.342,-14.002,-0.29479,0.023042
6884,-25.777,-15.946,-0.65732,0.094206
4450,-20.355,-18.04,-0.28214,0.068675
6359,-32.975,-7.8191,-0.33269,0.10603
3603,-43.818,-8.0956,-0.49763,0.079665
6479,-34.953,-4.7897,-0.59348,0.047152
7592,-18.659,-11.188,-0.40182,0.089158
5287,-36.781,0.048096,-0.058634,0.047664
4692,-32.301,-1.0283,-0.26768,0.067265
6125,-49.104,-4.1314,-0.30505,0.03385
7389,-20.778,-14.137,-0.35124,0.076339
4072,-15.944,-15.224,-0.59608,0.079255
5816,-43.312,-0.40797,-0.61148,0.04167
13580,-35.459,-11.966,-0.89742,0.06485
5348,-20.937,-21.906,-0.30256,0.045875
13363,-25.894,-5.9151,-0.2443,0.031269
5199,-16.72,-1.0746,-0.024463,0.020087
11422,-18.046,-16.719,-0.11652,0.048823
8943,-24.869,-19.843,-0.11405,0.045743
4353,-16.373,-11.375,-0.68992,0.070427
9992,-20.984,-10.552,0.11949,-0.002957
28763,-20.515,-14.719,0.21129,0.0061503
10764,-18.758,-19.457,-0.059795,0.022527
5577,-15.614,-8.3984,-0.046526,0.0038358
5946,1.9315,1.279,0.80416,0.073395
5734,-6.3992,5.501,0.24663,0.086136
2519,-43.632,-9.832,0.80693,-0.012893
2441,-29.414,-6.2036,0.30717,0.047307
1250,-16.232,7.7994,0.39727,-0.005623
10157,-34.608,5.9707,0.2592,0.010511
1890,-26.321,-7.6236,0.61371,0.013818
1183,-14.76,-5.6701,0.52602,0.069297
1757,14.705,0.22979,0.68923,0.068404
3525,-5.7509,3.7054,1.0215,0.03638
3148,-17.203,-10.822,0.79857,-0.020772
1251,-16.429,-3.2815,0.047871,0.028236
1640,-15.221,3.2668,0.28804,0.034688
2691,0.050783,-0.27105,0.41596,0.075354
4192,-17.591,-2.6838,0.062664,0.016552
2022,-16.959,-3.9703,0.66186,-0.0053224
2333,0.61289,2.7734,0.61904,0.026856
3139,-2.7819,9.569,0.45926,0.09938
5707,-21.776,-2.7861,0.058942,0.010406
2247,-22.499,-2.1374,0.20967,0.0002615
4261,-11.184,-3.1566,0.21921,0.0027646
1232,-25.279,3.2173,0.30485,0.058485
3416,-19.35,-5.5632,1.0741,-0.029275
3215,-57.938,-11.928,0.43324,0.034127
3470,-29.645,-3.238,0.24417,0.027566
1303,-20.338,-5.9784,0.34186,0.026995
1279,-42.41,-9.8752,0.68657,-0.011064
884,-26.159,-1.6792,0.88631,0.024374
1191,-5.336,0.62799,0.34222,0.11586
502,-29.187,0.93483,0.32576,0.025631
3928,-22.74,-11.233,0.56985,0.012369
706,-63.531,-8.5976,0.38461,0.087538
1176,-1.9965,2.4552,0.49548,0.1574
1256,-34.906,2.0628,0.4226,0.0023337
1420,-20.469,-12.246,0.93707,-0.0036711
1616,-9.1408,-3.885,0.79102,0.050568
2272,-11.951,-8.9415,-0.028566,0.070453
1588,-35.026,-0.38213,0.33797,0.015255
1840,-24.872,-11.557,0.82943,-0.0043564
841,3.9483,-7.4814,0.42029,0.16709
2719,-28.05,-6.9934,-0.45823,0.030837
948,-33.504,-0.59651,0.2722,0.0074446
756,-19.983,-4.6667,-0.14892,0.021026
3094,-26.148,-0.25822,-0.48,0.019945
3545,-33.214,-2.6005,-0.18701,0.031914
1190,-24.631,-4.1346,0.29129,-0.0095074
2161,-63.655,-1.797,0.24323,-0.0060001
2303,-79.369,0.064873,-0.030678,-0.0053326
1251,-51.399,-1.8337,-0.0050368,0.054007
1633,-48.133,2.5614,-0.13254,0.013533
979,-31.519,-0.43499,-0.1794,0.0040364
701,7.7578,2.368,-0.47115,0.07763
880,-11.985,-8.0835,0.34377,0.029037
6889,-28.621,-0.20625,0.19706,0.0041332
820,-59.785,2.6442,0.18862,-0.016785
763,-50.102,2.9357,0.3518,0.0040001
4207,-95.784,5.2718,-0.25748,0.034119
2071,-32.354,-4.5514,0.21024,0.017047
4095,-33.488,-1.7756,0.019428,0.032368
1001,-32.317,-2.9096,-0.21211,0.023493
989,-28.235,-4.0284,-0.07592,0.029781
2329,-38.322,0.84228,0.40253,0.0098871
1008,-21.248,-0.41519,-0.11019,0.020697
1998,-52.238,2.2289,-0.0467,0.014772
2877,-47.056,1.5193,-0.0052743,0.045297
1403,-23.454,-3.1027,0.11383,0.010722
1582,-47.28,-0.84358,-0.04318,0.018899
1457,-39.512,-2.7087,0.12239,0.023612
868,-28.168,-0.72484,0.064185,-0.01625
2297,-19.242,-0.89596,0.099549,0.027665
1728,-15.792,-3.879,0.056236,0.012634
1355,-49.911,-2.9938,0.038797,0.019344
2654,-13.619,-7.5366,-0.12999,0.027661
1458,-20.148,-5.9115,0.27116,0.012557
787,-20.409,-4.2308,0.43169,-0.010216
959,-20.932,-2.8897,-0.21802,0.026011
4494,-28.118,-5.7926,-0.12687,0.05696
1985,-40.655,0.16295,0.72621,-0.017658
2314,-82.395,6.7135,0.089026,0.022348
918,-48.845,2.0328,-0.0042081,-0.01442
3985,-30.335,-1.5629,0.29941,0.051584
2027,-14.361,-4.8438,0.40393,0.010557
6994,-19.774,-15.2,0.42005,0.01657
4607,-6.0934,-3.1885,0.27782,0.15973
5153,-8.5329,-4.7034,0.077877,0.10165
8459,-13.544,-4.222,0.2574,0.050785
4871,-21.778,-9.2913,0.75056,0.045934
3502,-7.5974,1.4149,0.60693,0.23964
4919,-11.133,-2.2502,0.20644,0.033005
9264,-13.693,0.27726,0.52501,0.18892
13360,-23.479,-14.977,0.52518,0.079062
15024,-8.2144,-0.14062,0.23979,0.097505
9185,-18.152,-2.8075,-0.044404,0.076294
5294,-10.72,-2.5321,0.39005,0.068224
2919,-24.96,-19.501,0.78293,0.005731
2646,-8.056,-1.7036,0.40612,0.18745
3610,-15.635,0.7631,0.22009,0.12233
3978,-16.608,-7.0553,0.45306,0.080053
2806,-23.38,-13.094,0.34506,-0.0052808
6631,-10.915,1.5951,0.30837,0.16502
6142,-8.7488,-3.5079,-0.0073191,0.047869
1994,-12.647,-5.6572,0.48514,0.039926
2641,-29.261,-18.002,0.39038,0.0019035
3397,-13.39,0.25341,0.35841,0.10737
1922,-12.604,-1.2724,0.10687,0.049325
2431,-10.727,-3.816,0.34236,0.060702
9163,-18.007,-14.638,0.47667,0.020102
1601,-6.2694,-1.5756,0.18164,0.080331
1926,-11.546,6.152,0.1486,-0.0037099
1640,-10.297,-4.4747,0.33384,0.06277
6829,-20.884,-12.328,0.57092,0.0068785
4378,-11.249,-9.2723,0.38873,0.069636
1462,-21.368,-1.6328,0.18124,-0.011315
4232,-12.117,-8.771,0.62674,0.033519
1342,-29.649,-9.6077,0.2466,0.016726
1969,-11.334,-0.19168,0.22201,0.21387
3137,-24.132,-2.4111,-0.010303,0.018619
1382,-31.012,0.24475,0.44074,-0.0075642
7932,-30.843,-9.6468,0.21106,0.067883
3419,-14.394,1.6606,0.1493,0.09111
3227,-14.885,4.1928,0.14852,0.02129
4473,-12.272,-17.397,0.33244,0.036208
7470,-22.83,-7.5702,0.54891,-0.0023496
7776,-14.384,-2.2066,0.23311,0.067586
5563,-13.322,0.49177,0.027926,0.012012
15905,-23.626,-6.5984,0.58874,-0.024907
9264,-11.583,-11.229,0.42445,0.046991
2982,-9.0249,-0.081785,0.12652,0.058445
3627,-24.484,-3.6888,0.066061,0.050655
3209,-22.064,-6.7186,0.54116,0.00781
3710,-18.02,-9.0946,0.42104,0.048766
5572,-17.946,1.2448,0.13971,0.069767
4889,-15.327,-8.1843,-0.10052,0.032169
10886,-26.219,-8.2312,0.23475,0.038556
3419,-40.387,-18.784,0.15175,0.014877
10590,-12.225,-5.2371,0.21949,0.009155
5947,-26.484,-8.9014,-0.16827,0.017224
5320,-41.096,-17.71,0.15964,0.067206
8595,-21.084,-10.155,0.13664,-0.004343
4799,-20.217,-4.901,0.15312,0.12357
4435,-28.645,1.163,0.11667,0.028318
5730,-48.321,-3.6152,0.38787,0.044341
6761,-56.566,-18.983,0.20022,0.010489
5413,-13.571,-1.8723,0.18557,0.17778
1740,-28.304,-1.1501,0.13002,0.025209
2683,-39.753,-13.318,0.38774,0.0082005
2035,-27.59,-9.6505,0.21325,0.033099
3519,-12.195,-5.4722,0.24804,0.0811
8759,-16.227,-3.9677,0.2811,0.077757
3083,-32.391,-8.3691,0.1936,-0.0082803
5505,-36.664,-8.557,0.17122,0.00088976
1978,-14.718,-2.0138,0.17827,0.063512
4563,-13.992,1.2225,-0.066738,0.002604
12212,-31.1,-9.4352,0.30253,0.02234
2104,-34.934,-12.013,0.23092,0.022156
3794,-15.419,-4.3183,0.055894,0.023608
2664,-27.78,-6.6544,-0.25259,0.036165
1929,-38.986,-16.613,0.223,0.017243
957,-56.236,-12.575,0.62027,0.039433
7173,-12.709,-1.9694,0.25308,0.069997
0,0,0,0,0
22262,-22.448,-14.078,0.52396,0.16898
27437,-7.5956,3.109,0.36591,0.075407
5735,-22.474,-9.8874,0.48444,0.12803
8637,-12.453,-1.9175,0.48723,0.083991
9163,-5.1457,-8.957,0.41034,0.15983
2.1881e+05,-14.276,-2.1863,0.51688,0.034113
15809,-16.594,-8.6122,0.86176,0.09138
5455,-6.7682,-8.3347,0.15895,0.14832
3413,-4.7483,-5.2058,0.13934,0.1095
2285,-3.1211,-1.4903,0.30006,0.073811
4046,-7.9534,-8.3519,0.37907,0.10582
2968,-9.2816,-6.5786,0.11766,0.070179
2863,-14.662,-2.6565,0.18482,0.023178
53796,-10.578,-2.64,0.26739,0.015124
16412,-19.895,-10.224,0.31884,0.10695
11903,-11.464,-6.928,0.14073,0.01657
17395,-19.553,-7.31,0.4796,-0.013744
12631,-13.822,-0.69049,0.1319,0.012229
4288,-10.403,-10.846,0.5394,0.0076832
7057,-12.841,-6.0226,0.28457,0.085265
18471,-11.285,-8.6166,0.46423,0.069359
16490,-9.2479,-2.5564,0.43012,0.075731
3071,-23.418,-1.1574,0.32062,0.060144
4943,-10.919,-3.5742,0.21175,0.14328
7517,-20.432,-7.6597,0.57583,0.11161
10852,-7.2538,-0.14067,0.58734,0.11393
6557,-11.968,-9.872,0.4493,0.12328
6184,-15.379,-5.248,0.32094,0.17025
8551,-18.545,-0.16311,0.16698,0.21962
5462,-4.8636,-2.4816,0.13639,0.16067
5412,-8.8055,-5.3935,0.42055,0.15777
2001,-12.426,-3.1607,0.11158,0.21266
8493,2.7479,-4.2403,0.43977,0.24476
2509,-21.686,5.4145,0.45587,0.17106
1826,-6.0134,-12.351,0.97828,0.15183
2363,-11.143,-3.6,0.50426,0.25284
5440,-4.207,-3.2083,0.41708,0.28108
4981,-13.315,-3.4911,1.0279,0.17183
3116,-11.651,-6.9391,0.50536,0.24938
7220,-6.5892,-6.6669,1.06,0.25043
8564,-44.764,-12.495,0.23004,-0.00091594
17835,-18.055,-3.1023,0.16676,0.011038
7944,-12.641,-3.1482,0.048197,0.01692
10103,-19.443,-7.5841,0.093496,0.0053698
4070,-14.262,-14.711,0.14979,0.11592
9339,-14.156,0.78668,0.18795,0.0036127
7728,-38.778,-12.683,0.26652,0.044106
2411,-9.6314,-6.1506,0.30798,0.16847
17159,-27.118,-6.7994,0.52426,0.033932
3235,-16.026,-3.823,0.56213,0.064861
7064,-33.958,-30.792,0.26862,0.037851
6280,-16.57,-3.2788,0.2853,0.084775
6457,-39.96,-2.6618,0.31651,0.092267
1455,-15.149,-4.3495,0.053885,0.050609
9117,-11.578,-8.3572,0.50322,0.093073
8675,-36.821,-11.89,0.062303,0.069996
12629,-8.9449,-2.493,0.41318,0.098653
5559,-7.1622,-1.4002,0.63684,0.10585
4093,-49.963,-18.087,0.37399,0.039921
3285,-4.4463,-7.4592,0.21999,0.16343
5404,-5.9907,-5.3854,0.55572,0.13347
5661,-12.608,-0.78084,0.36472,-0.0084576
17586,-10.029,-3.1421,0.36959,0.0056133
6154,-7.6987,-4.9219,0.30969,0.11455
9334,-34.611,-10.25,0.1251,-0.012946
11197,-11.076,-3.1984,0.90718,0.058848
3653,-6.8935,-5.5674,0.54492,0.14625
6612,-14.207,-0.20913,0.47223,0.13281
4238,-6.4799,0.40116,0.5601,0.055355
6676,-25.338,-4.0851,0.5599,-0.015845
5254,-43.288,-15.851,0.16058,0.014392
5670,-10.048,-9.1322,0.38798,0.097735
1947,-44.64,-2.4251,0.57484,0.026135
6077,-12.909,-5.4428,0.35901,0.15689
13324,-15.447,-4.346,0.3432,0.055427
1361,-12.293,-4.3476,0.35197,0.11691
5897,-23.985,-12.984,0.10168,0.029474
38283,-49.029,4.0257,0.11712,0.16758
4705,-10.416,-5.0374,0.53888,0.052958
6519,-10.831,-9.719,0.62149,0.052732
9938,-32.728,-0.86171,0.17071,-0.018494
22887,-10.39,-7.8408,0.17854,0.02084
7400,-26.897,-3.199,0.19831,0.0043087
13261,-52.835,5.5303,-0.076284,0.011826
13260,-19.635,-3.3363,0.04793,0.010412
24014,-30.052,-4.6638,0.18435,0.035026
21408,-14.915,-7.1596,0.11995,0.05986
8148,-16.717,4.565,0.12014,0.011805
4741,-7.1553,-0.0052408,-0.010452,0.0067825
17214,-6.9523,-1.5591,0.31288,4.6352e-05
15988,-17.417,-11.272,0.66142,0.045428
5744,-10.23,-0.07537,0.0073424,0.045359
9964,-19.313,-1.6358,0.0058212,0.020875
20768,-16.833,0.12169,0.35904,0.0088428
37319,-32.817,-4.2798,0.17481,0.023666
7576,-28.6,6.1347,0.12421,0.015752
16374,-33.297,-3.7037,0.15394,0.033109
22225,-26.049,-4.8816,0.25728,0.037718
16199,-34.106,-4.9801,0.49407,-0.0031931
8476,-49.218,-5.1983,0.12439,0.069708
10763,-13.211,-7.7791,0.013188,0.072266
17161,-19.296,-0.4633,0.39575,-0.0043005
11273,-55.714,-8.197,0.26776,0.074879
10154,-17.737,-5.6492,0.19993,0.034546
4855,-8.2185,-5.9169,0.28817,0.022062
15231,-27.976,-3.5128,0.29777,0.0017095
14745,-27.5,-2.0011,0.40881,-0.011548
6936,-14.888,-3.4566,0.11052,0.059499
15875,-13.224,-8.1413,0.17641,0.030431
4147,-9.7341,2.9485,0.49104,-0.012408
10051,-13.511,-4.8008,0.3681,0.044728
34754,-27.023,0.64796,0.19961,0.0056953
13972,-11.683,-8.7012,0.082311,0.065989
15852,-12.373,6.6021,0.58473,0.018952
10212,-30.965,-10.462,0.8812,0.069548
3496,-47.554,6.1011,0.19593,-0.0017958
26812,-14.099,-1.1056,0.1027,0.029325
23917,-14.313,-4.4758,0.18801,0.048311
30843,-18.125,-3.1965,0.1802,0.022191
5070,-11.474,0.35532,0.16641,0.052645
11695,-33.61,-8.1888,-0.021068,0.040372
23043,-16.787,-2.3231,0.47592,-0.023391
11158,-34.823,-5.6789,-0.02005,0.063791
2675,-21.962,-1.2358,0.17288,0.02394
9373,-18.237,-2.7963,-0.0058172,0.029812
48732,-35.873,-5.7122,0.36891,0.0057496
9497,-29.423,-4.8653,0.036297,0.046519
9567,-15.057,-2.4304,0.068018,0.045947
16430,-22.1,-1.575,0.15884,-0.0062431
6531,-33.567,-7.2974,0.16633,0.033292
5684,-77.658,-12.125,0.34795,0.060371
3094,-51.209,-6.3494,-0.00047613,0.068113
14827,-24.998,-11.7,0.12063,0.05924
7990,-58.577,-2.8547,0.37034,0.012267
2409,-12.357,-18.069,-0.2511,0.12653
2996,-11.109,3.15,0.20603,0.014927
3740,-17.125,-6.5679,-0.046741,0.017352
23627,-19.497,-3.864,0.40155,-0.014012
5840,-28.044,-5.7446,0.011193,0.049015
7105,-9.0854,2.1529,0.48288,-0.012041
4487,-63.321,-8.1632,-0.022029,0.074537
26935,-23.159,-1.1115,0.45967,-0.02542
13588,-38.109,-15.542,0.15504,0.083507
4444,-102.02,8.4616,0.14504,0.050787
8928,-46.116,-8.8621,0.15062,0.029714
5297,-59.263,0.15699,0.16369,0.011818
8611,-24.434,-13.307,0.10655,0.10317
2893,-14.492,-3.9731,0.016094,0.046245
12201,-44.439,1.9067,0.0053043,0.038566
4719,-84.163,8.1239,0.47548,-0.10265
14140,-36.357,-13.645,-0.091751,0.088565
8599,-26.381,-4.7286,0.16181,0.038032
19620,-37.346,-14.94,-0.27448,0.063327
35260,-29.728,-15.889,0.24699,0.060672
31718,-22.67,-1.9825,0.11556,0.04072
4703,-25.84,1.3931,0.21889,0.0060265
18521,-37.832,-10.385,-0.24405,0.063503
23220,-13.889,-7.3763,0.29087,0.012803
29161,-21.577,-6.8676,0.37226,0.033495
3849,-33.769,-2.1461,0.18423,0.023556
2741,-19.767,-4.6432,0.24015,0.098632
4900,-6.1374,9.3163,0.40041,0.20209
2205,-13.105,-3.2565,0.53267,0.063472
2191,-15.284,1.505,0.48432,0.13308
4640,-8.9672,2.3339,0.30549,0.1328
3171,-14,1.3207,0.24112,0.071551
2332,-18.202,0.11942,0.61798,0.083227
1902,-20.807,1.6308,0.39293,0.14178
3236,-18.236,-3.349,0.42433,0.12993
2707,-8.1303,9.9866,0.30269,0.20456
2897,-15.466,5.4741,0.52505,0.13987
3486,-5.1164,1.6003,0.25783,0.13729
2347,-15.778,-0.73134,0.65475,0.11693
2344,-15.276,3.1136,0.47433,0.16422
5003,-19.151,-0.88729,0.36238,0.11322
3100,-34.854,4.7327,0.40401,0.098311
1953,-11.543,5.2341,0.38692,0.17742
3050,-13.003,-1.3813,0.61775,0.074291
1973,-20.099,-0.303,0.59347,0.04996
2603,-14.338,0.89616,0.34975,0.14971
2653,-7.3251,2.1675,0.63385,0.12612
1386,-8.1369,6.6464,0.26617,0.14646
3016,-18.944,9.2517,0.58813,0.10619
1314,-18.8,4.8192,0.29539,0.16424
3910,-11.774,6.2079,0.45849,0.18312
1579,-10.228,8.5521,0.38008,0.13489
1496,-21.604,1.3966,0.56375,0.079157
2229,-57.665,8.9,0.61764,0.11018
2711,-6.2413,0.68812,0.41341,0.15102
1619,-9.8798,10.364,0.56583,0.15581
2247,-12.5,5.3671,0.73861,0.09425
5876,-9.4533,12.881,0.27008,0.27702
3061,-24.603,3.3679,0.2835,0.12555
4802,-9.6826,17.333,0.57313,0.19122
2058,-16.969,-0.59262,0.72181,0.06429
1234,-6.6797,4.3533,0.55695,0.17062
1882,-4.0021,7.0942,0.68058,0.1781
1150,-8.9972,3.7693,0.45675,0.096352
1061,-23.862,-4.6901,0.85874,0.032287
1950,-10.679,2.2075,0.37184,0.14326
5612,-24.18,-6.4842,0.1308,0.034612
4010,-69.676,-11.993,0.25942,0.044105
2980,-35.093,-5.713,0.48783,0.03635
2074,-24.951,-1.4719,0.27955,0.021011
2653,-45.083,4.4253,0.2847,0.0064915
6049,-13.838,1.8257,0.1451,0.05419
2262,-44.504,3.2069,0.30685,0.036671
3347,-30.137,4.9135,0.24194,0.024189
3248,-12.824,-0.45651,0.14377,0.025374
4683,-13.018,2.4074,0.10523,0.020765
2349,-14.188,-3.3542,0.39873,0.018692
3001,-51.769,-1.1882,0.12269,0.072738
2407,-16.153,-0.23272,0.22694,0.022855
5011,-15.841,5.1127,0.25053,0.065183
3162,-53.229,-5.4954,0.1846,0.076376
2360,-56.969,-5.0219,0.074806,0.1259
2129,-41.177,1.8188,0.21165,0.041977
2178,-13.159,5.1497,0.20712,0.044498
5052,-26.894,1.4803,0.10732,0.085521
3463,-57.872,-5.8424,-0.023156,0.11097
1490,-72.541,-7.3774,0.12393,0.11151
2075,-8.5205,6.0668,0.22822,0.066141
3477,-61.45,3.1876,0.29213,0.062068
2020,-19.849,3.9574,0.13496,0.038292
1881,-88.852,2.1719,0.42228,0.02513
3941,-21.912,2.0986,0.18788,0.028798
3956,-41.908,4.3157,0.29881,0.01741
5546,-9.1208,0.52407,0.10361,0.049381
1638,-11.973,3.8144,0.18838,0.048808
1673,-12.13,4.279,0.11763,0.048961
1085,-18.443,-3.6285,0.35946,0.040415
2174,-25.22,4.1535,0.22351,0.061967
1349,-24.059,-0.14419,0.21211,0.013371
2576,-18.991,4.2739,0.27117,0.050511
2107,-19.906,-2.0963,0.2601,0.043641
1490,-14.996,-1.0895,0.21001,0.044122
1251,-12.297,13.805,0.38321,0.068827
3652,-20.018,2.5873,0.17569,0.061463
1957,-17.784,3.7261,0.27046,0.0061389
4000,-20.893,-7.3602,0.40752,0.029587
1352,-37.598,4.7839,0.22795,0.020464
2156,-13.632,4.0167,0.27412,0.012788
2164,-13.06,-0.4199,0.18039,0.0051206
2792,-26.245,1.5835,0.13802,0.024771
2557,-14.108,0.013112,0.042845,0.01341
4654,-16.202,0.43018,0.17872,-0.0082346
3186,-23.599,-0.56267,0.1608,-0.00078353
2580,-38.709,3.1069,0.25505,-0.027909
4553,-14.767,-2.9623,0.24504,0.015613
5548,-24.666,6.0816,0.55114,-0.018609
4669,-18.186,-1.591,0.14941,0.020677
2416,-11.454,-0.14453,0.2019,0.01718
1454,-14.567,-0.89785,0.25893,0.0069332
1723,-11.943,2.4525,0.21825,-0.014075
1842,-15.741,0.53159,0.088899,0.033077
882,-9.6177,3.5115,0.3823,0.071232
4690,-14.319,5.4979,0.094905,0.083285
6935,-11.71,1.2974,0.37055,0.010848
1103,-13.11,-0.033838,0.63681,0.0098313
3097,-16.698,4.6394,0.43619,0.031416
5236,-19.696,2.1571,0.25118,0.029907
4285,-23.94,-0.89792,0.40224,-0.012612
2749,-14.968,-1.35,0.21755,0.025596
1270,-10.42,10.38,0.24537,0.11109
6196,-11.608,-1.3337,0.10254,0.022536
2998,-18.155,1.9429,0.47205,-0.022207
5652,-14.862,-0.9315,0.17194,0.018473
2289,-12.691,-1.2945,0.38643,0.018645
2612,-7.546,0.93975,0.15614,-0.0038846
6897,-24.222,-2.8541,0.29876,0.01613
4060,-14.234,-1.6803,0.41262,0.0095383
2376,-15.665,-1.5026,0.27921,0.03281
798,-8.8102,3.2402,0.2365,0.083173
1368,-15.939,2.6426,0.45706,-0.010765
2483,-61.159,-1.2381,0.20155,0.044213
2652,-13.848,-0.6889,0.33263,0.067982
348,-4.1643,4.2526,0.20146,0.07679
1919,-10.426,2.1083,0.3744,0.0064089
3175,-31.434,0.83775,0.23482,0.020409
710,-11.831,3.3555,0.12763,0.046319
1205,-10.47,13.165,0.35805,0.10192
2237,-18.061,-5.1376,0.27457,0.011595
3086,-33.44,-0.39434,0.59188,0.010122
1337,-11.013,1.4995,0.42169,0.014341
3038,-22.22,-2.1472,0.11072,0.033759
1662,-14.16,0.36985,0.17484,0.01807
2432,-18.439,-1.8631,0.088251,0.051072
1609,-23.354,-4.3186,0.40747,0.02198
1007,-9.9574,-0.44853,0.22526,0.04755
1542,-14.311,-0.049744,0.18462,0.05466
1378,-16.05,-2.8352,0.5184,0.00064227
1291,-11.097,1.8593,0.33455,0.091211
689,-9.7385,4.8878,0.25803,0.013163
2461,-15.819,0.85617,0.195,0.0372
1254,-18.055,-2.168,0.19642,0.035183
1758,-43.303,8.2439,0.55502,0.070256
1043,-12.776,11.413,0.068424,0.06825
1250,-20.582,0.46238,0.53588,-0.005585
2730,-18.564,0.047227,0.227,0.041932
2347,-19.199,-0.30389,0.28249,-0.0075822
2046,-19.534,2.3963,0.28691,0.028674
2370,-22.152,0.90429,0.47958,0.012161
3231,-23.792,-1.2938,0.29013,0.025695
3066,-27.13,-2.459,0.27684,0.078445
673,-9.4846,0.08531,0.20532,0.063813
1144,-19.248,0.7489,0.17869,0.0090778
2971,-22.592,2.4478,0.64808,0.022619
940,-14.533,0.95987,0.50893,0.17853
513,-1.6554,8.0606,0.31608,0.18744
1135,-13.045,7.3143,0.32692,0.15266
877,-21.756,-3.3446,0.3316,0.13156
553,-5.9717,6.2763,0.3358,0.20992
376,-14.984,1.3115,0.32811,0.14521
1993,-10.785,1.7825,0.08215,0.164
2356,-17.349,-0.47368,0.36162,0.028938
2015,-11.075,0.055389,0.18939,0.22224
2467,-14.119,-1.6306,0.63004,0.07975
2064,-18.641,7.0991,0.18954,0.13755
2163,-16.115,-1.1854,0.31354,0.045147
508,1.6845,8.9411,0.47894,0.15771
9619,-13.943,-0.25309,0.031588,-0.0098047
3608,-12.104,-2.9579,-0.065135,0.021477
4091,-26.261,-3.3736,0.093145,0.010484
7537,-57.42,2.1911,0.15511,0.049486
17676,-21.533,-2.7268,-0.73505,0.063552
5752,-24.675,-4.3281,-0.321,0.040066
10378,-30.198,-6.3364,0.098957,0.042426
10200,-5.4099,-0.90294,0.083973,0.003326
9497,-16.685,-1.9475,0.32733,0.0041999
4888,-13.317,-1.9094,0.53383,-0.012694
4642,-19.558,-0.25908,0.1676,-0.0077016
4726,-31.109,1.0716,0.1399,0.018581
12951,-26.941,-0.67785,-0.85592,0.050297
3425,-17.914,0.45936,-0.10753,-0.007228
7426,-21.501,1.1455,0.16701,-0.019828
6277,-29.813,-1.2984,0.36484,0.013341
6966,-22.624,-3.5523,-0.18452,0.040443
3016,-16.934,-2.3336,0.24041,0.011558
4369,-14.289,-3.6627,0.45069,0.0053242
2437,-17.92,0.84115,-0.051932,0.0060996
6660,-18.129,-1.4141,-0.17123,0.041088
2982,-24.39,-1.0794,0.0027552,0.034775
9320,-39.489,-4.061,-0.058765,0.033921
5766,-21.369,1.3215,0.048113,0.038793
10450,-30.814,1.2315,0.28329,0.015585
3856,-29.664,-2.1609,-0.016828,0.028167
5194,-22.713,-3.9806,0.53553,0.0034268
6793,-16.202,-1.691,0.080948,0.0017723
0,0,0,0,0
2294,-24.124,-0.39042,0.14232,0.0024389
2331,-30.931,-3.0499,0.057339,0.013654
5520,-56.683,4.7771,-0.052676,0.025601
4027,-28.681,1.8964,-0.051806,0.035009
2443,-17.83,-2.2997,0.48166,-0.00553
2919,-36.848,-0.15655,-0.0053609,0.01439
9065,-26.885,1.7207,-0.13536,0.030668
2712,-9.8609,-0.59534,0.43618,-0.0049323
3587,-18.434,2.4253,0.18985,-0.011172
6544,-9.9607,-5.4817,-0.048953,0.032971
3887,-10.792,0.26206,0.1338,0.00083045
2911,-12.473,-10.795,-0.039201,0.020217
2665,-7.3687,-5.9673,0.10743,0.017741
1873,-20.505,-10.343,0.21074,0.027582
8913,-15.418,-3.6384,-0.087752,0.017086
4765,-15.97,-4.5254,-0.12976,0.014023
5677,-8.5341,-5.4004,0.16079,0.00072768
6297,-27.32,-6.3558,0.21878,0.023766
3790,-20.221,-2.3092,0.26757,-0.0014131
3406,-10.024,-2.7505,0.19976,-0.0030499
8024,-21.557,-2.7626,0.15548,0.013799
3289,-10.528,-5.9599,0.018122,0.014912
7705,-32.455,0.68576,0.07836,0.006367
4550,-22.26,-4.479,-0.26723,0.044394
4130,-20.207,-2.2493,0.36168,0.0053257
2906,-29.465,-8.187,0.35006,0.015878
4019,-6.9864,-3.1226,0.20132,0.04536
6069,-14.205,-2.3195,0.053338,0.022308
7230,-13.484,-3.3413,0.0097223,0.036454
21165,-75.228,8.1896,0.17873,0.073731
3381,-18.805,-6.4226,0.075335,0.055349
8425,-40.427,-1.147,0.036915,0.03749
12528,-29.032,-10.929,0.12232,0.015944
4107,-25.122,-6.3466,0.30379,0.026016
3907,-64.433,-0.55266,-0.11065,0.054528
6768,-21.413,-5.0508,-0.0081083,0.048105
3662,-27.129,-6.9112,0.15724,0.040819
3408,-26.928,-7.3477,0.010395,0.030137
10524,-38.6,-4.2236,0.046768,0.026091
6684,-19.402,-1.8968,0.015787,-0.0067153
4942,-23.793,-3.381,0.11007,0.039595
2495,-16.039,-6.0281,0.50957,-0.0039792
3972,-19.465,-4.8451,-0.13814,0.023465
3984,-29.48,-4.6499,-0.058375,0.011024
6115,-28.303,-11.044,0.16885,0.037885
7146,-13.175,-7.7425,0.18513,0.025378
4740,-28.181,-2.8178,0.036013,0.029959
62551,-41.548,-4.5032,0.1714,0.015143
42861,-5.727,1.9428,0.34833,0.0013299
7865,-12.063,-1.9057,0.21248,0.054935
17771,-20.887,0.20442,0.18712,0.004682
17035,-12.246,2.3538,0.1803,0.029978
16689,-15.619,-0.29044,0.18631,0.020209
18802,-14.749,-2.8825,0.17272,0.067461
14910,-14.695,-2.3736,0.24547,0.01797
20508,-9.3146,0.28391,0.16832,0.0021356
37490,-10.774,3.1532,0.2368,0.0014474
19959,-26.985,0.088265,0.23836,0.032289
17474,-35.813,2.0173,0.13446,-0.01912
50892,-9.5083,0.50062,0.11066,0.025082
19293,-9.496,0.40859,0.083132,0.030122
19111,-12.56,1.7921,0.095039,0.023027
6642,-24.449,-2.5356,0.15868,0.047658
16720,-8.6592,-3.1439,0.195,0.038369
16244,-18.211,5.3832,0.2207,0.049513
26533,-22.373,2.8829,0.18951,0.0053255
49840,-25.819,-2.6333,0.19152,0.0319
16480,-20.485,2.2352,0.1633,0.036081
8937,-8.6033,1.5759,0.13341,0.040987
51327,-46.919,4.1875,0.33767,-0.033893
12850,-16.057,-1.9828,0.055568,0.095338
6260,-27.841,-1.5458,0.059956,0.082044
6750,-11.903,4.0409,0.21198,0.032748
6618,-19.018,3.0036,0.10923,0.004046
17151,-19.076,1.4017,0.062265,0.034071
7348,-45.688,5.2859,0.19186,0.065667
5786,-18.661,12.487,0.43408,0.077657
17861,-38.036,-4.5509,0.46071,0.012881
35837,-19.857,0.37974,0.38196,0.017654
25390,-56.813,8.802,0.53207,-0.028921
13949,-20.535,8.7497,0.53865,0.043233
5954,-11.837,-4.8043,0.15881,0.056829
5551,-10.271,1.5386,0.2892,0.025622
6106,-8.4958,-0.48323,0.21865,0.055187
4335,-15.716,5.4423,0.4716,0.065978
20232,-16.668,-1.4801,0.59053,-0.0054989
12744,-19.452,-1.3732,0.31465,0.03952
5648,-42.17,5.1059,0.22632,0.027044
5118,-12.34,-0.088741,0.12504,-0.013967
6501,-27.155,-2.0871,0.24137,0.021665
6483,-30.367,6.7045,0.19453,0.046538
4351,-30.659,4.574,0.26607,0.040551
3039,-12.756,0.67066,0.15646,0.024952
14524,-33.994,-3.0625,0.1233,-0.021297
5005,-11.667,0.57333,0.12559,0.12083
9322,-19.314,-3.148,0.041387,0.12306
5406,-10.376,-1.064,0.052181,0.0058437
2776,-11.965,-8.1532,0.10488,0.066698
4626,-18.94,-6.2497,0.078967,0.091752
6233,-49.729,2.109,0.20472,0.004111
4899,-11.843,-2.5265,0.031881,0.041129
4741,-23.434,-0.52686,0.099151,-0.0069083
8360,-11.211,2.1394,0.042491,0.041104
8884,-68.679,-5.5524,0.22854,0.073369
5016,-12.311,-3.9442,0.11479,0.027894
8467,-36.293,-3.159,0.26775,0.04572
5742,-67.159,-2.3487,0.016233,0.070784
5467,-35.014,0.51856,0.35731,0.042538
3180,-22.402,-3.7648,0.35521,0.0073914
4549,-33.226,-4.0568,0.15956,0.010052
3277,-12.955,0.8253,0.045602,0.11145
2978,-8.7146,-0.093328,0.077938,0.043447
4218,-7.1035,-1.1477,0.038255,0.003452
8348,-65.465,-7.9991,0.42488,0.028859
12971,-28.233,-1.9209,0.11678,0.046967
10909,-22.62,1.0421,0.085107,0.047799
10105,-12.784,-4.398,0.16259,0.013463
4096,-35.743,-3.193,0.35752,0.016427
12137,-68.971,-1.7024,0.31996,0.032647
9586,-10.996,-3.3878,0.070663,0.027694
4597,-11.128,-0.92407,0.26677,0.027899
4898,-17.418,1.2661,0.07817,0.0026004
10862,-26.176,-0.09243,0.082687,0.082882
10741,-19.073,-1.6094,0.090259,0.021094
7506,-10.964,-3.2285,0.16001,0.0062081
10631,-15.029,0.15002,0.11944,0.013659
8795,-20.002,-0.08186,0.075825,0.099869
20046,-42.618,0.64583,-0.17888,0.02406
15992,-32.266,9.2193,0.041783,-0.019257
36710,-37.412,8.3379,0.50081,-0.020022
9163,-36.008,12.55,0.2333,0.15336
21917,-48.076,1.9224,-0.13021,0.0094029
23276,-33.652,7.4373,0.074947,-0.013662
15634,-48.14,-0.95487,0.052029,-0.017934
24638,-53.867,17.981,0.41333,0.16783
19632,-50.041,14.078,-0.11042,-0.015347
72682,-27.71,7.5105,-0.058101,0.014165
16609,-41.299,-5.3711,-0.3181,0.035874
6600,-24.837,11.661,0.23315,0.11615
18555,-10.814,23.2,0.15601,-0.0072571
48037,-29.269,8.4369,0.49394,-0.010174
14476,-67.275,4.3012,-0.09156,0.0052875
3049,-29.975,13.288,0.30389,0.072451
11622,-5.1889,5.5008,0.069406,0.027015
32062,-28.188,-2.5252,0.33778,-0.00030844
6398,-21.561,1.7908,-0.15367,0.011175
1511,-17.186,4.2077,0.59713,0.024843
18501,-26.973,-0.91861,0.11997,0.016788
37247,-26.069,-1.7042,-0.04643,0.0097723
12685,-58.902,-5.3452,-0.21629,0.0088338
9486,-18.109,9.3679,0.19649,0.14879
15742,-18.082,1.6439,-0.036318,-0.0091193
27797,-28.436,7.5,0.10795,-0.00083848
15877,-48.889,-1.2265,-0.037587,-0.02481
38257,-43.232,11.815,0.3139,0.073778
6935,-22.82,1.9645,0.42239,0.057058
42062,-21.161,8.3754,0.28967,-0.0032383
22444,-41.458,-4.9576,-0.15283,0.039553
6368,-22.442,20.98,0.26779,0.046759
9205,-43.92,2.1237,0.39284,-0.028251
41799,-29.026,7.0968,0.28903,0.020814
21280,-29.127,-1.0007,0.34942,0.0097922
82961,-30.729,7.7174,0.27266,0.12084
8950,-22.457,1.4659,0.1587,0.015931
40734,-15.037,9.2121,0.1236,0.014803
35915,-33.436,2.1885,0.32188,-0.039437
41836,-34.994,10.947,0.1812,0.064078
15961,-33.838,11.333,0.64679,-0.0028086
32100,-26.703,19.8,0.55647,0.0015247
10674,-65.404,1.8591,1.2666,-0.024306
13420,-21.181,0.51167,0.2908,-0.018109
13809,-22.325,0.88673,1.4838,0.10007
37164,-14.223,16.585,0.63916,0.10443
13175,-38.339,6.6736,1.5724,0.0078117
17982,-10.385,13.412,0.96896,0.2701
28627,-6.4998,7.209,0.56782,0.20216
34073,2.3274,32.51,1.0272,0.1917
20543,-57.957,1.93,2.0328,0.052955
41554,-10.113,27.378,0.95949,0.24914
44338,1.3179,4.2146,0.73805,0.27589
50389,-8.1217,10.275,0.7028,0.19578
2339,-35.848,-1.2112,-0.19541,0.018265
17508,-17.349,-1.2449,0.10021,0.0069925
5697,-16.656,3.7164,-0.45169,0.034982
10804,-25.335,1.1154,-0.23889,0.034612
9923,-21.967,-3.3383,-0.28316,-0.0052535
3649,-20.087,-4.789,0.029189,-0.0038698
19824,-17.461,-0.097877,-0.15471,0.0077768
27314,-22.301,2.3659,0.071715,-0.02676
12928,-30.789,1.7593,-0.039404,-0.021168
23787,-51.866,6.7467,0.14491,-0.026383
7778,-23.671,0.28493,0.23403,0.01239
18822,-5.3299,15.599,0.18982,0.023804
16734,-51.24,-2.4736,0.048222,-0.0015318
12596,-34.17,3.4403,0.085076,0.042598
11899,-22.476,-1.1891,-0.12052,0.011907
14659,-9.6312,14.395,-0.044154,0.012894
5518,-11.705,2.7556,0.014077,0.0011245
1152,-25.884,3.9992,0.091826,0.029912
734,-0.9395,3.9829,-0.096134,0.058561
407,-17.471,9.2463,-0.33016,0.040653
16104,-39.97,4.0001,0.51935,0.018134
12586,-12.444,7.4078,1.1559,0.039278
6594,-35.03,13.736,1.4937,0.13531
2692,-31.486,14.646,-0.55728,0.069796
1099,-3.2748,-0.54503,-0.2661,0.088017
7887,-11.122,14.721,0.37415,0.12074
4872,-36.106,3.265,0.27991,-0.022308
15535,-16.824,1.7148,0.40819,0.01235
10509,-21.386,-6.5532,0.43154,0.19154
2985,-47.255,2.3016,0.46272,-0.014938
2581,-9.1625,3.6926,0.57694,0.027691
3920,-25.475,-7.5625,0.90275,0.15557
3461,-55.786,-3.431,0.75758,0.10269
1443,-50.751,3.9392,0.7327,0.12312
1704,-62.339,7.4817,0.97974,0.063712
2804,-31.218,-0.7436,0.91096,0.11808
781,-26.671,-8.7069,0.64361,-0.037229
3523,-94.814,14.355,-0.5436,-0.045936
1115,-91.828,18.043,-0.89897,0.091876
2354,-71.492,16.806,0.34715,0.069242
3305,-72.792,23.875,-0.38503,0.10952
1603,-111.34,41.748,-0.46824,0.087708
1852,-109.82,32.378,-0.82926,0.073692
5369,-87.407,15.061,-0.33357,0.071123
3127,-16.435,5.2387,-0.3642,0.040768
1790,-108.45,31.046,-0.70771,0.11737
1161,-113.36,14.451,-0.72106,0.078056
3388,-83.668,16.46,-0.41834,0.085724
10753,-8.1035,1.7531,-0.074451,0.022118
3114,-157.99,33.773,-0.15146,0.047934
3706,-11.038,-1.4368,-0.14827,0.0093389
9989,-11.532,-1.2277,-0.097401,-0.0066013
6449,-9.4761,-0.18464,-0.051063,-0.0039774
7811,-35.591,4.6683,0.0026651,-0.008214
6479,-27.797,3.4351,0.076354,-0.011124
8401,-22.798,2.2757,0.035722,-0.010266
12502,-9.2946,-0.54457,-0.04313,-0.00053989
4526,-52.095,5.1355,0.094138,-0.00081076
4224,-26.098,0.89838,-0.27041,0.035495
14726,-42.528,1.5618,0.23288,-0.041562
21130,-33.169,-1.4639,0.14327,-0.031882
10300,-62.744,4.9311,0.074827,-0.015067
7371,-32.866,1.5996,-0.22286,0.030087
18408,-24.528,0.27978,0.17785,-0.014441
8562,-36.952,-3.728,0.27727,-0.035381
14224,-65.335,5.0976,0.16335,-0.033126
8594,-41.313,-13.014,-0.43711,-0.016241
15820,-22.964,-6.3117,0.14817,-0.020216
11034,-17.713,-3.0674,0.19578,-0.0038191
6273,-29.207,-2.0445,-0.043972,-0.018036
7985,-20.779,1.4515,0.15284,-0.021681
7814,-17.756,-4.5669,0.24716,-0.012624
6562,-18.05,-1.1765,0.38918,-0.019841
4635,-14.808,-1.6931,0.10619,-0.016913
4021,-32.935,-2.5787,-0.23332,-0.014343
5087,-30.379,-1.6881,0.4045,-0.04335
3343,-21.218,-3.6185,0.43818,-0.0040994
3694,-22.251,-3.6913,0.097641,-0.021862
4007,-21.195,-2.8948,-0.026033,-0.0075996
3331,-26.461,-3.4389,0.27911,-0.029871
3669,-19.137,-10.041,0.46509,-0.013953
3134,-20.607,-1.8089,0.084653,-0.017565
2572,-37.093,0.35206,0.15129,-0.0352
4095,-36.408,-2.2133,0.33314,-0.041666
26199,-19.428,-0.53572,0.31073,-0.020887
3587,-37.291,-2.7172,0.1961,-0.042871
3593,-29.882,-2.4132,-0.099176,-0.013227
3140,-27.548,-2.2752,0.53411,-0.040867
4368,-20.216,-0.44914,0.19454,-0.028303
1544,-27.505,-3.3465,0.011627,-0.022579
4234,-28.889,-3.0302,-0.0056023,-0.024337
4301,-25.776,-2.8142,0.34512,-0.03963
3766,-25.168,-4.7625,0.49189,-0.033533
1297,-22.018,-1.1611,0.20051,-0.017741
1959,-18.415,-0.38158,0.04936,-0.017665
12160,-30.528,-6.3619,0.65491,-0.055302
873,-10.865,-0.22591,0.51662,-0.0074029
7167,-4.9384,0.87081,0.064823,-0.00089847
3977,-22.617,-2.2188,-0.05164,-0.018467
26086,-14.514,-2.6873,0.33933,-0.026847
9174,-16.227,-3.0846,0.34207,-0.0095631
11782,-23.093,-3.3118,-0.012712,-0.016216
10948,-43.711,1.8367,0.28795,-0.045878
5309,-23.474,-5.8919,0.41333,-0.029159
6537,-18.218,-1.7195,0.29049,-0.011622
2548,-31.632,1.7206,0.13171,-0.032297
1302,-12.847,-2.2763,-0.042068,0.024343
3037,-13.127,-2.242,-0.014692,0.031645
2800,-18.95,-5.4838,-0.020112,0.045452
4118,-15.941,-1.4339,-0.07122,0.039909
2423,-14.589,-6.7973,-0.1859,0.04841
2016,-15.87,-3.5217,0.047769,0.01972
3156,-10.052,-8.5515,-0.14986,0.057505
2217,-13.7,-2.0946,-0.085749,0.016567
1463,-19.044,-4.7401,-0.07172,0.018334
1703,-14.516,-5.5758,0.053733,0.03942
1265,-27.071,-8.1102,-0.028358,0.029915
1633,-14.184,-4.8017,-0.099194,0.026914
1330,-23.746,-1.7017,-0.095808,0.016348
8064,-16.79,-1.5791,0.064402,-0.0076981
1978,-21.959,-9.2823,-0.027811,0.045829
4864,-10.765,-4.9833,-0.0687,0.055086
825,-11.781,-5.3945,-0.032505,0.036741
1837,-21.519,-0.8544,0.1117,0.015697
1824,-12.929,-12.936,-0.037757,0.089192
3785,-7.6574,3.4792,-0.12307,0.0078678
1040,-18.869,-2.839,0.0067263,0.02378
2539,-14.409,-7.4255,0.12102,0.054267
3154,-18.694,-17.201,-0.035324,0.064491
6602,-20.566,-4.728,-0.088121,0.019795
957,-18.592,-8.7179,0.043026,0.070577
8486,-10.45,-7.8816,0.070898,0.060126
3882,-15.12,-12.883,-0.0061302,0.089027
1931,-15.276,-7.1722,-0.099976,0.054867
1497,-12.162,-3.1326,0.034031,0.026612
2441,-18.112,1.6892,0.030984,0.11103
5728,-23.109,-12.761,-0.0098387,0.071319
7447,-7.1402,0.11049,-0.015813,0.041297
3757,-15.798,-6.0316,0.020176,0.057595
12136,-10.525,-3.8113,0.19361,0.032479
10484,-10.435,-6.4379,0.15124,0.02673
5251,-8.2297,-13.238,-0.036774,0.098814
3072,-8.7324,-6.1833,0.032918,0.076625
23814,-17.197,-7.4729,0.061841,0.02456
3369,-13.19,-8.675,0.045422,0.065185
3600,-13.547,-2.4366,0.017861,0.069951
3574,-15.19,4.2056,-0.095386,0.0070974
3726,-16.125,-0.80743,0.080421,0.024578
3227,-13.031,-5.3503,-0.015627,0.019079
2752,-15.472,-6.1366,-0.10906,0.026604
1068,-12.939,-6.9649,-0.20592,0.042378
12661,-6.9355,2.5281,-0.20161,0.015213
9054,-33.74,-10.057,-0.016245,0.067956
3174,-21.901,-8.3782,-0.16274,0.073076
1456,-12.055,-4.8833,-0.071081,0.039511
4166,-7.5559,-5.8813,0.048512,0.025129
2055,-9.0944,-6.7284,0.0090895,0.047313
1708,-15.155,2.7867,-0.17387,0.022442
2333,-14.044,-6.4018,-0.0667,0.054992
27608,-8.1863,-7.6315,-0.043429,0.033712
3075,-31.179,-7.6884,0.0018516,0.077608
2301,-18.54,5.2865,-0.046206,0.059752
1830,-15.503,-5.6241,-0.14626,0.040015
38364,-8.5064,0.80859,-0.045991,0.005718
19140,-13.19,-6.0716,0.039119,0.055071
8836,-9.4817,-3.3165,-0.067994,0.03435
1800,-13.791,-3.9428,-0.060293,0.050931
35216,-11.359,-2.8787,0.013549,0.031597
18385,-17.974,-13.247,-0.10093,0.091235
14210,-7.0255,-2.6723,-0.10966,0.022179
2455,-11.066,-6.1963,-0.0508,0.065886
29763,-12.74,-0.99305,0.1406,0.0078498
3764,-11.113,-2.5952,0.026084,0.027469
5663,-28.563,-6.2387,-0.0056711,0.040075
4869,-19.077,-7.2399,-0.016865,0.066872
17708,-15.004,-5.1781,0.018943,0.033888
28391,-12.249,-8.9806,0.0038184,0.081339
41882,-24.484,-1.7547,-0.026465,0.082811
1779,-11.243,-7.0521,-0.00013723,0.037214
17123,-10.479,-4.0538,0.078036,0.015189
20769,-24.782,-9.9177,0.011523,0.099493
21859,-23.984,-8.519,-0.063563,0.093531
17285,-20.029,-8.1212,-0.02932,0.073108
58075,-8.3203,-6.698,0.078379,0.037536
24772,-11.745,-14.123,-0.055213,0.11344
16176,-9.1351,-1.7162,-0.032823,0.021501
10449,-31.329,7.9673,-0.042808,-0.014737
26595,-24.387,-2.7958,0.12489,-0.031243
13024,-24.087,-14.509,0.28967,0.047344
11199,-33.535,-4.4735,-0.041486,0.010848
14401,-20.31,-1.0024,0.14881,0.051677
15975,-22.583,3.862,0.15873,-0.020301
3661,-27.395,-5.9589,0.33743,0.015284
3598,-23.779,-10.952,-0.24967,0.021975
6399,-15.249,-4.9801,-0.072407,0.0085522
11166,-24.134,-2.0905,0.23322,-0.019745
3784,-28.131,-5.507,0.28633,0.023077
5280,-23.24,-1.7225,-0.16671,0.019335
10233,-12.167,-6.3465,-0.18404,0.033121
13067,-15.862,0.92336,0.23403,-0.024927
5867,-19.395,-11.777,0.2646,0.02219
3073,-12.389,-8.9784,0.21139,0.015581
8552,-15.961,1.0451,0.36483,-0.011325
5165,-32.35,7.0207,0.53287,-0.025983
4949,-27.255,-8.2539,0.083264,0.020988
2543,-13.015,-5.1621,0.07264,0.028267
10268,-11.084,-5.6527,0.41301,0.0050599
3638,-32.243,3.8868,0.17277,-0.015912
6487,-41.369,-12.567,1.0171,0.011937
1733,-13.119,-16.761,-0.031012,0.083187
3107,-20.448,-0.69728,0.46659,-0.023438
3021,-48.513,11.319,0.54873,-0.043353
6088,-21.568,-18.604,0.46984,0.061423
1969,-10.686,-7.8593,0.04682,0.017305
5221,-8.9035,-4.1761,-0.13023,0.018145
4312,-17.914,4.7484,0.13302,-0.012084
4101,-27.98,-12.002,0.56591,0.060446
6976,-9.0367,-15.968,-0.093046,0.047611
21069,-34.89,-2.8965,0.76045,-0.03763
21136,-25.11,-11.643,0.52154,0.031892
2814,-10.664,-20.645,-0.42521,0.080565
4303,7.2845,-9.8261,-0.10324,0.028022
7599,-22.551,7.2303,-0.010248,-0.0087654
4040,-23.422,-20.417,0.59942,0.062593
4724,-11.592,-7.3274,-0.054795,0.017924
5202,-15.644,4.2974,-0.22891,0.0026619
5427,-18.199,8.2591,-0.11632,-0.0016406
10333,-22.877,-9.1471,0.084068,0.027804
4539,-11.247,-1.4422,0.044658,0.01735
7652,-20.381,2.0927,-0.18622,0.017305
2055,-18.331,3.3318,0.019363,-0.0089844
3825,-19.587,-11.963,0.11117,0.04772
16601,-23.807,-3.2246,-0.086249,0.0032102
4133,-11.216,1.3338,-0.14619,0.0086418
3417,-24.666,4.7677,-0.14044,-0.0054818
5489,-24.505,-1.8599,0.0228,0.0214
4995,-17.046,-3.0133,-0.38769,0.026282
4387,-19.996,-3.9175,-0.36984,0.010476
6895,-19.414,5.2086,-0.21537,0.024274
7542,-27.353,-10.808,0.53999,0.027026
3496,-13.671,-1.7251,0.084732,0.0034496
4524,-11.234,3.3547,-0.044182,-0.0071692
1112,-17.054,4.2588,-0.26726,0.027377
3746,-26.541,-11.257,0.30507,0.026953
5714,-17.444,-2.4546,-0.26565,0.018431
8836,-40.091,4.2947,0.20604,0.0024227
1592,-17.339,-0.31493,0.39389,-0.01399
4425,-20.121,-8.2617,0.53066,0.03131
11201,-20.109,-2.9763,-0.20621,0.013956
11322,-52.311,-1.5498,0.50986,-0.023152
4018,-20.254,5.9035,0.046719,-0.0039436
15789,-21.097,-12.325,0.60539,0.021179
5045,-16.192,-8.3126,-0.30255,0.029975
2777,-30.386,-2.7208,0.32728,0.0079935
4826,-22.181,-0.51683,0.11114,-0.0068727
5287,-22.862,-9.1022,0.093322,0.0027793
3733,-17.737,-2.407,-0.21715,0.019948
2607,-16.963,-7.5014,-0.13081,0.025787
14029,-19.448,-7.1228,0.21036,0.00034801
8746,-19.149,-12.896,0.45991,0.030254
1760,-11.698,-14.31,-0.15001,0.038573
1751,-5.8228,-7.5393,-0.26223,0.023482
2624,-16.611,3.1158,0.075323,-0.012993
13992,-28.537,-19.527,0.12411,0.046062
2941,-11.413,-2.4232,-0.033052,0.021309
29356,-10.988,1.9436,0.57191,-0.01495
19927,-22.035,8.8181,0.73843,-0.01986
14967,-8.5154,5.582,0.58235,-0.00012989
13586,-8.3553,-5.3585,0.51482,0.027932
20828,-27.873,3.4605,0.70292,-0.032122
12117,-8.5909,7.873,0.78285,-0.019548
32023,-14.838,10.344,0.52204,-0.021381
9410,-13.995,10.673,0.56903,-0.0082344
24869,-18.634,7.6869,0.58491,-0.027827
26782,-21.955,8.5953,0.77951,-0.039898
26809,-29.726,9.5119,1.0039,-0.023683
6760,-8.9543,7.5003,0.67881,0.010981
7073,-27.401,-3.5729,0.80485,0.022309
13457,-18.885,3.1476,0.93255,-0.04048
8555,-13.966,4.0702,1.141,0.032401
14222,-15.247,-2.4254,1.151,0.025836
9691,-19.133,-3.18,0.7603,0.036777
8205,-26.146,-1.1696,1.2821,0.0040413
14662,-53.766,6.3503,0.37144,0.0051185
23483,-48.052,-8.4476,0.99149,0.088232
8342,-8.8934,0.22782,0.47543,0.059375
23186,-21.979,6.3365,0.85268,-0.024224
20054,-12.365,-2.2828,0.63792,0.11813
9152,-18.079,12.738,0.78706,0.047475
27498,-5.5243,2.5914,0.5901,0.067271
30214,-9.6131,1.7716,1.3139,0.046357
20871,-21.847,-0.30051,0.42388,0.090853
26132,-18.708,2.9596,0.51077,0.13089
6741,-3.9723,5.4947,0.93372,0.12246
28538,-16.231,-4.3811,1.1364,0.12379
25337,-33.552,-4.0174,1.003,0.055804
15328,-11.272,8.4349,0.64657,0.036083
8254,-7.96,3.0315,0.33768,0.05584
12239,-10.975,2.7198,0.7712,0.060649
19324,-21.697,5.9311,0.6428,0.023275
26048,-19.061,1.1172,0.36541,0.084604
11759,-0.74613,3.7599,0.47842,0.091548
7654,-20.413,-0.023628,0.6252,0.050035
24406,-11.556,-3.6731,0.46541,0.092947
34484,-19.016,3.2934,0.40461,0.034901
22715,-18.914,-0.91362,0.35955,0.079051
9939,-11.42,1.4372,0.13587,0.066386
13957,-24.297,1.1447,0.17367,-0.008985
12124,-21.177,-0.5562,0.084965,0.020341
18932,-20.126,-0.85602,0.46005,0.07919
14399,-14.785,-1.3797,0.077968,0.00054928
7227,-20.172,-1.7285,0.492,0.034119
5160,-16.689,-0.2307,0.60122,0.057865
21086,-20.803,-0.51097,0.048818,0.016705
13723,-29.641,-0.30328,0.17777,0.012863
17691,-13.536,-7.0943,0.46051,0.12191
9276,-25.989,-8.0092,0.49404,0.10947
9442,-21.341,-0.4622,0.12292,0.021541
21617,-17.212,-1.6877,0.1508,0.017443
9150,-21.779,-6.6491,0.22185,0.02244
11424,-20.56,-2.7249,0.089871,0.055338
5834,-20.989,-4.7951,0.26486,0.030554
5147,-18.885,-3.7338,0.13531,0.0044442
6979,-19.284,-6.7464,0.36954,0.014916
9951,-32.71,-9.8296,0.37918,0.029487
8357,-10.389,1.9574,0.27297,0.065292
9082,-12.042,0.92927,0.097316,0.01321
19844,-19.208,-5.469,0.075938,-0.0044919
5842,-17.219,0.97943,0.48709,0.051799
9068,-19.64,-1.0201,0.34508,-0.015861
4733,-20.722,-1.2328,0.58969,0.0087335
11819,-17.635,-3.2386,0.12189,0.028612
7982,-12.99,-3.4176,0.45746,0.13374
12753,-30.106,3.4266,0.48171,0.034869
6921,-10.566,0.25281,0.050651,0.010142
24812,-15.757,-1.5567,0.053812,0.028604
11731,-24.733,2.0975,0.18737,0.01852
6704,-21.935,-1.8215,0.26738,0.06783
4666,-12.697,-0.67106,0.44077,0.0081134
10714,-21.092,4.2618,0.60675,0.061613
7834,-21.098,3.9268,0.37877,0.11413
14240,-19.948,0.9337,0.31584,0.21836
6039,-15.517,1.9364,0.48976,0.038533
47613,-20.151,-3.0259,0.48299,0.055278
13038,-7.3656,3.2162,0.42027,0.10852
4300,-31.541,-5.3702,0.3482,-0.02618
7104,-26.005,-7.8712,0.11862,-0.0023567
11248,-12.089,-6.8717,0.71948,-0.0016162
1940,-0.26408,-0.19047,0.12016,0.0081505
6093,-20.318,-2.2999,-0.12035,0.0080305
6921,-5.5051,2.2465,-0.039369,0.010885
13440,-15.749,-10.238,0.42917,0.018767
7588,-13.17,-2.4407,0.096525,-0.002334
4609,-19.844,-8.2007,-0.35428,0.028557
6922,-5.3403,-3.8094,0.46221,0.04478
7163,-20.199,-4.7207,0.085343,0.0041956
3464,-4.4509,2.198,0.46187,-0.00097979
2313,-22.14,0.6855,-0.076627,-0.0079561
4923,-13.986,-6.9249,0.17501,-0.00076502
7626,-14.557,-6.5392,0.51746,-0.014775
4368,-11.601,-2.338,-0.050056,0.0022797
1027,-12.411,5.8392,-0.23082,0.0074041
6415,-14.226,-5.9478,0.02909,0.010414
2660,-16.511,-2.4551,0.19265,-0.007236
1067,-1.063,0.8738,0.090226,0.010337
5915,-12.502,1.5115,-0.14683,-0.0033217
3595,-34.836,-7.7389,0.34508,-0.020479
6375,-19.063,-7.626,-0.0006855,0.0079647
3323,-8.5167,-0.6286,0.066585,0.0020108
2210,-7.0968,1.9527,-0.12583,0.011191
1642,-11.204,-1.4409,0.27039,-0.0065191
2322,-21.248,-7.7774,0.22928,0.00066967
2497,-17.309,-0.50919,-0.00043912,-0.0017995
1489,-10.675,5.432,-0.18454,0.012796
3270,-35.974,-1.5773,0.15666,-0.020028
8109,-21.418,-4.9306,0.35815,-0.015701
1532,-10.332,-1.5636,0.091686,-0.0064036
968,-5.0547,1.6956,-0.001133,-0.001307
6084,-28.134,-5.4914,1.6209,-0.057771
6851,-25.2,-4.0738,0.66889,-0.022426
3766,-10.379,-4.6582,0.28889,-0.0073666
1731,-9.0351,-4.0829,-0.12739,0.010773
3009,-3.8153,-2.0535,-0.016106,0.012552
9206,-22.131,-9.1277,0.66673,-0.0097974
1316,-3.3119,5.7381,0.22194,0.0086399
4664,-38.725,-0.68386,0.047247,-0.029999
9386,-21.73,4.3286,0.17611,-0.016257
5407,-10.015,-2.2827,-0.027663,0.010109
4366,-21.352,5.0512,-0.28327,0.029976
1766,-6.1085,-1.4099,0.28464,-0.0050801
3624,-13.866,1.9003,0.072441,-0.0058028
1599,-15.123,-2.2991,-0.22891,0.011932
1570,-18.164,2.045,0.2032,-0.011751
1426,0.91385,-0.95398,-0.12844,0.020172
3707,-30.283,1.0188,0.26702,-0.031523
2672,1.8255,-5.3501,-0.10828,0.028731
1779,-1.5637,1.6718,-0.2833,0.027144
758,-31.803,-1.1518,-0.12876,-0.018888
2837,-29.854,1.6217,0.52608,-0.044648
3524,-15.03,-6.5864,0.69308,-0.0092205
2628,-1.3845,1.8956,-0.26949,0.022641
944,-14.593,-0.069349,-0.10701,0.0033361
2211,-22.739,3.0749,0.11494,-0.021393
1359,-15.582,-2.6764,-0.084004,0.021595
929,-9.9953,3.0632,-0.047132,0.0093401
1194,-13.91,-3.4515,0.055274,0.0049508
2334,-34.971,-0.39507,0.72262,-0.05494
3764,-20.488,-9.5017,0.49975,-0.0097876
1523,-3.7142,-9.0108,0.25576,0.028625
617,-2.4343,-2.1189,0.17253,0.021401
3251,-38.948,-0.84296,0.80986,-0.057731
3054,-7.8493,-2.492,0.41406,0.0082997
2610,-18.103,-0.7735,-0.086654,0.012201
1965,-59.754,7.1173,0.29828,-0.059279
3657,-32.899,2.714,0.69242,-0.052179
3645,-36.846,-5.2497,1.2145,-0.072599
666,0.34619,-5.1644,-0.035476,0.043036
812,-12.548,-1.3693,-0.26427,0.016239
1571,0.3876,4.7378,0.028442,0.0065641
3998,-12.488,-8.5252,0.14009,0.0065884
1067,-7.788,3.1925,-0.4602,0.028875
1713,-21.519,-2.7158,0.040935,-0.0056785
2482,-37.604,6.7989,0.53555,-0.03751
2215,-34.969,-5.6986,0.78764,-0.052518
2883,-58.752,-10.704,0.10823,-0.037907
3695,-32.954,1.4025,-0.18776,0.0047435
776,-16.759,-10.241,-0.025569,-0.00078136
200,-0.40108,-9.7255,-0.5748,0.029051
705,-21.741,-6.971,-0.44953,0.0014119
3996,-17.313,-2.912,0.11236,-0.017751
1562,-18.24,-6.6201,-0.44459,0.010084
1556,-43.244,2.1216,-0.72176,-0.0017316
885,-28.447,-7.6918,-0.032742,-0.0055147
2207,-27.469,4.0338,-0.041066,-0.019742
1810,-15.46,-5.9469,0.079792,-0.012582
895,-18.113,-7.2412,0.29564,-0.018621
1068,-11.695,-1.3659,-0.1946,0.0078054
1113,-18.562,-7.5866,0.083484,0.012042
1423,-22.266,-4.1503,-0.68322,0.00622
2306,-14.433,6.2159,0.042127,0.0024216
2487,-21.954,0.71996,0.2075,-0.0024076
5618,-25.244,-2.9863,0.0094828,-0.010939
2730,-23.738,-4.6119,-0.035926,-0.008719
972,-11.704,-1.4286,0.046789,0.021657
1890,-46.136,-8.8365,0.031231,-0.0054881
7878,-31.489,-11.666,-0.32966,0.010651
2422,-28.077,-11.853,-0.030936,-0.015079
3459,-24.773,2.4439,0.28481,-0.024775
384,-10.279,-5.7653,-0.019639,0.033213
3326,-20.744,-0.59022,0.03221,0.00087787
1111,-13.935,-10.519,0.1926,0.081121
488,-8.2539,-3.7818,0.10308,0.0071608
393,-11.579,-9.8725,-0.11381,0.032339
2479,-17.384,-2.6143,0.17357,-0.010548
2310,-13.222,-6.899,-0.03198,0.0078109
1112,-6.9527,0.89109,0.24377,0.012239
874,-25.346,-1.2848,0.16118,0.017844
594,-18.888,-15.464,0.3092,0.017028
879,-24.272,-17.574,0.8758,0.017702
587,-12.267,-2.2002,0.12101,0.036678
159,-2.0967,4.6848,0.12878,0.0056275
773,-32.451,-10.721,0.14453,-0.017841
917,-8.4552,-6.5007,0.057677,0.028669
785,-8.1736,-7.0153,0.3005,0.03987
450,-7.9536,-10.776,1.0903,0.047879
2028,-20.589,-25.668,-0.49842,0.097213
1935,-41.343,-7.1517,-0.058033,0.038965
2048,-34.347,-17.271,-0.19327,0.12987
456,-33.905,-6.4677,-0.54247,0.023363
4549,-43.985,-7.8272,0.27158,0.016105
1579,-46.774,-19.855,-0.13963,0.072905
2535,-44.235,-7.4684,0.10672,0.052893
1294,-50.287,-17.519,-0.53313,0.063937
1294,-37.735,-15.901,-0.13591,0.05797
1249,-35.403,-16.457,0.16217,0.081685
863,-50.638,-19.611,-1.0207,0.088403
1657,-57.397,-1.3585,-0.22142,0.02115
1922,-32.551,-14.685,-0.22787,0.06085
1344,-50.72,-24.344,0.1647,-0.0014993
1884,-40.921,-16.712,-0.16932,0.076327
1944,-61.022,-11.479,-0.42998,0.090071
1026,-55.3,-13.528,0.28792,-0.0081536
1243,-35.257,-22.629,-0.44836,0.069219
645,-53.529,-28.61,-0.36881,0.078991
860,-36.818,-19.12,-0.84338,0.089495
883,-44.276,-16.956,-0.2175,0.070317
2171,-44.623,-21.425,-0.23713,0.049733
1170,-38.205,-11.984,-0.11083,0.039155
1849,-39.963,-7.4709,-0.56353,0.041762
1890,-54.1,-16.477,-0.10428,0.064684
2293,-27.331,-8.1711,-0.05381,0.11727
1995,-45.512,-23.256,-0.044369,0.10044
1435,-45.363,-18.696,-0.34562,0.10946
3182,-53.085,-18.582,-0.1516,0.085389
1284,-39.527,-6.556,0.023859,0.037412
962,-42.377,-10.856,0.40821,0.056633
1689,-44.185,-13.909,-0.323,0.052442
3067,-41.843,-16.744,-0.0024848,0.079301
3177,-48.888,-22.339,0.2862,0.1159
969,-48.55,-17.832,-0.083936,0.06687
2052,-37.585,-12.736,-0.28295,0.076591
1581,-64.992,-15.488,-0.56083,0.039373
4450,-46.383,-14.932,-0.023907,0.022131
3295,-66.117,-25.786,0.12869,0.030404
3375,-46.547,-4.9953,0.14935,0.038247
7032,-58.834,-8.622,0.18506,-0.00087816
4406,-12.141,8.2803,0.25497,0.01213
9223,-14.187,5.9067,0.059261,0.054424
3623,-25.141,-1.102,0.1882,0.10249
1931,-17.968,0.24818,0.28149,0.044967
4166,-14.62,9.3916,0.30204,0.00357
4679,-40.708,3.5743,0.21365,0.017596
3042,-19.79,-5.1447,0.067811,0.080412
5441,-31.187,7.3286,0.35262,0.0033956
1622,-11.854,13.425,0.21774,0.047886
6843,-18.714,5.7382,0.011386,0.090403
12118,-50.405,-6.7461,0.21598,0.00041831
3238,-18.056,1.3626,0.015421,-0.0026091
4634,-14.834,6.5812,0.14814,0.019736
6278,-24.91,-6.9824,0.066527,0.033821
4657,-18.503,-7.2586,0.019411,0.062368
2955,-17.459,-1.3097,0.056257,0.025091
1925,-11.308,0.62699,-0.0022167,0.070336
614,-13.945,4.1921,0.45366,-0.0012921
15481,-31.276,0.55743,0.051214,0.012694
9307,-11.312,0.69932,-0.043542,0.068835
3074,-10.586,-0.079308,0.051744,0.051125
4557,-27.955,-1.524,0.018108,0.049744
1724,-16.177,-2.8137,0.011646,0.032588
3832,-13.367,-1.2026,0.34061,0.008996
1241,-9.2764,2.7373,0.12275,0.059411
666,-10.958,1.3357,0.4197,0.0086596
1623,-31.634,-3.8326,0.2417,0.12692
4393,-13.105,2.4523,0.12795,0.019962
1331,-18.299,19.3,0.22344,0.11662
626,-6.8729,4.3195,0.48856,0.0017761
1733,-29.401,-7.5908,0.034126,0.011887
2604,-15.462,1.1522,0.21956,0.024708
2330,-14.955,8.4959,0.54657,0.0094669
3618,-46.506,-2.8543,-0.017367,0.044647
6299,-27.782,-8.6572,0.15965,0.057504
3759,-14.271,4.9857,0.54849,0.005225
1558,-10.811,12.298,0.28346,0.072035
1006,-7.1665,2.214,0.58399,-0.0046664
1505,-21.844,-5.2901,0.18961,0.092301
5783,-23.377,4.7617,0.41871,-0.0075226
6016,-21.149,7.2225,0.38679,0.038856
3003,-33.195,-10.241,-0.050877,0.068334
2449,-27.266,-3.3532,0.26352,0.059984
3814,-8.5579,7.804,0.17943,0.12815
6443,-6.106,8.74,0.15383,0.21015
17234,-30.708,3.7214,0.084936,0.063443
4430,-31.72,-5.3751,0.15896,0.11607
9407,-12.274,8.0316,0.19667,0.086741
5546,-3.0755,3.1665,0.075376,0.13716
3870,-26.989,-12.518,-7.2005e-05,0.12093
4951,-29.359,-6.4079,0.12751,0.11288
5767,-10.383,4.4907,0.16963,0.033162
8206,-10.345,4.7933,0.11431,0.037425
8168,-18.141,-10.447,0.13774,0.12027
14937,-21.283,-1.6221,0.013477,0.063063
10302,-13.844,1.309,0.022874,0.017274
7875,-9.3681,6.0453,0.077014,0.09681
2097,-18.132,0.020196,0.040781,0.089938
4551,-29.106,-6.79,0.26281,0.16176
13619,-18.656,2.5528,0.067297,0.0031487
3924,-9.3807,2.3344,0.025175,0.029936
3123,-24.741,-12.333,0.19832,0.041961
10354,-36.832,-5.5805,0.10552,0.086397
5878,-23.329,0.40154,0.034153,0.053057
12098,-13.762,6.0579,0.056908,0.029235
8146,-7.3088,-0.21531,0.0079352,0.056161
2655,-30.312,-5.3175,0.12648,0.11426
4825,-15.139,1.2896,0.067362,0.033664
7108,-7.5715,3.077,-0.0046411,0.042171
4342,-9.4542,0.82838,0.025826,0.0018728
4439,-32.487,1.4581,0.094761,0.1396
5707,-12.638,-1.3103,0.047079,0.069359
4049,-5.2801,4.1477,0.18391,0.021113
5807,-20.41,-2.2871,0.057004,0.086032
1605,-16.302,-4.6272,0.075604,0.22862
2805,-24.423,3.7226,0.1785,-0.010732
5548,-12.544,-0.94695,0.27354,0.083806
5156,-15.556,-1.3669,0.040602,0.023288
3867,-33.624,-2.0715,0.13384,0.063442
7937,-13.537,2.4715,0.049855,0.013191
24896,-24.296,8.6857,0.28156,0.10179
32372,-24.079,5.2854,0.36289,0.028711
1.2403e+05,-15.867,-1.9775,0.22283,0.007412
41846,-30.329,2.9588,0.18359,0.074342
55492,-32.72,5.3078,0.27751,0.0015736
96524,-28.609,1.6277,0.25726,0.0029818
28109,-35.555,3.2398,0.37636,0.016151
28866,-32.4,4.9356,0.26871,0.052125
1.0864e+05,-16.772,3.7549,0.25182,0.018677
55477,-26.999,3.167,0.32428,0.015927
19871,-34.002,-0.58411,0.13296,0.027752
27908,-32.048,4.068,0.15605,0.064701
33787,-21.193,-0.6223,0.21163,0.035509
45479,-24.601,0.14087,0.37079,0.011045
39764,-28.244,3.1107,0.15128,0.019358
60948,-12.545,6.5517,0.25473,0.091444
41692,-29.375,0.58286,0.18351,0.074764
44255,-26.232,2.3034,0.31519,0.031105
25870,-40.575,1.468,0.51729,0.046297
30861,-31.657,4.6034,0.18132,0.065488
35419,-41.6,6.9836,0.27989,0.065096
30111,-23.471,0.40683,0.40328,0.022172
69750,-27.341,1.0246,0.3646,0.059774
37179,-20.687,2.8617,0.21821,0.12667
41921,-23.175,1.4635,0.43541,0.070319
47120,-32.564,1.0807,0.49373,0.034061
87923,-30.407,3.1414,0.34468,0.058982
40647,-12.691,6.2564,0.4012,0.090536
42993,-16.265,2.845,0.25986,0.054906
69636,-25.272,2.403,0.34393,0.041758
82883,-47.741,0.48189,0.28699,0.048254
38276,-31.396,10.603,0.2458,0.13909
34899,-19.318,1.4429,0.1529,0.10121
91727,-16.176,2.3319,0.3701,0.042863
56098,-38.01,1.3241,0.43288,0.057448
54503,-21.602,2.9374,0.39363,0.12022
